Country Name,Country Code,Indicator Name,Indicator Code,1960,1961,1962,1963,1964,1965,1966,1967,1968,1969,1970,1971,1972,1973,1974,1975,1976,1977,1978,1979,1980,1981,1982,1983,1984,1985,1986,1987,1988,1989,1990,1991,1992,1993,1994,1995,1996,1997,1998,1999,2000,2001,2002,2003,2004,2005,2006,2007,2008,2009,2010,2011,2012,2013,2014,2015,2016,2017,2018
Aruba,ABW,"Labor force, total",SL.TLF.TOTL.IN,,,,,,,,,,,,,,,,,,,,,,,,,,,,,,,,,,,,,,,,,,,,,,,,,,,,,,,,,,,
Afghanistan,AFG,"Labor force, total",SL.TLF.TOTL.IN,,,,,,,,,,,,,,,,,,,,,,,,,,,,,,,4034624,4284833,4617266,4986130,5342152,5659574,5865631,6016355,6149533,6309513,6521151,6836893,7221944,7644720,8065343,8459571,8677865,8859372,9034635,9244457,9516457,9940084,10446498,11014922,11611982,12213764,12759869,13285878,13760401
Angola,AGO,"Labor force, total",SL.TLF.TOTL.IN,,,,,,,,,,,,,,,,,,,,,,,,,,,,,,,4910342,5053595,5221560,5410953,5598439,5785407,5950545,6120916,6301104,6498602,6716199,6938879,7189028,7454649,7733655,8022083,8300143,8592509,8903190,9234343,9580585,9926136,10291685,10673187,11068850,11477177,11891201,12315755,12759956
Albania,ALB,"Labor force, total",SL.TLF.TOTL.IN,,,,,,,,,,,,,,,,,,,,,,,,,,,,,,,1424381,1446517,1438937,1414643,1391332,1362585,1357244,1373594,1367356,1356347,1351709,1338629,1338094,1319856,1301290,1282212,1266919,1250632,1234727,1226713,1225744,1271832,1325041,1249102,1275842,1333035,1332087,1333543,1336470
Andorra,AND,"Labor force, total",SL.TLF.TOTL.IN,,,,,,,,,,,,,,,,,,,,,,,,,,,,,,,,,,,,,,,,,,,,,,,,,,,,,,,,,,,
Arab World,ARB,"Labor force, total",SL.TLF.TOTL.IN,,,,,,,,,,,,,,,,,,,,,,,,,,,,,,,62007499,64015975,65241108,67566279,70166443,72889032,74706181,76547124,78322376,81237564,83556353,85523446,87604692,90495271,93429312,96478301,99656050,103484660,106813139,110489594,114461914,117728464,121002481,124452334,126722046,128663536,131050174,133809288,136762837
United Arab Emirates,ARE,"Labor force, total",SL.TLF.TOTL.IN,,,,,,,,,,,,,,,,,,,,,,,,,,,,,,,936245,1005524,1082803,1167964,1253136,1338721,1404251,1479847,1565821,1662439,1771958,1909033,2063472,2261221,2541456,2928896,3438090,4075438,4773033,5433872,5980833,6265640,6429129,6508466,6564190,6640374,6676773,6745970,6820923
Argentina,ARG,"Labor force, total",SL.TLF.TOTL.IN,,,,,,,,,,,,,,,,,,,,,,,,,,,,,,,13409187,13785854,14197648,14558190,14921706,15150209,15494947,15876129,16194699,16401923,16640405,16830107,16884808,17236062,17597867,17751236,18064580,18090391,18118705,18474862,18521029,18830069,19015971,19151572,19207364,19535669,19848337,20163928,20360197
Armenia,ARM,"Labor force, total",SL.TLF.TOTL.IN,,,,,,,,,,,,,,,,,,,,,,,,,,,,,,,1464009,1449787,1422549,1387771,1352829,1323035,1304925,1293932,1288699,1286413,1284758,1289566,1293981,1298192,1302796,1307902,1310021,1312736,1311484,1324997,1379805,1403774,1400881,1414015,1411628,1397970,1374185,1374665,1379542
American Samoa,ASM,"Labor force, total",SL.TLF.TOTL.IN,,,,,,,,,,,,,,,,,,,,,,,,,,,,,,,,,,,,,,,,,,,,,,,,,,,,,,,,,,,
Antigua and Barbuda,ATG,"Labor force, total",SL.TLF.TOTL.IN,,,,,,,,,,,,,,,,,,,,,,,,,,,,,,,,,,,,,,,,,,,,,,,,,,,,,,,,,,,
Australia,AUS,"Labor force, total",SL.TLF.TOTL.IN,,,,,,,,,,,,,,,,,,,,,,,,,,,,,,,8498142,8542463,8616597,8651198,8820144,9025057,9153763,9220762,9322328,9416518,9603084,9789822,9946875,10126911,10247263,10556752,10801453,10969714,11259265,11494997,11692524,11859724,12021471,12195829,12339232,12572548,12730726,12978569,13102244
Austria,AUT,"Labor force, total",SL.TLF.TOTL.IN,,,,,,,,,,,,,,,,,,,,,,,,,,,,,,,3568280,3617487,3696441,3731731,3827586,3862031,3834266,3823947,3859067,3888031,3899049,3886923,3972924,3992277,3891230,4017205,4074394,4162720,4209485,4256849,4276558,4305227,4352343,4393586,4412078,4460834,4535122,4561842,4560991
Azerbaijan,AZE,"Labor force, total",SL.TLF.TOTL.IN,,,,,,,,,,,,,,,,,,,,,,,,,,,,,,,2890978,2930263,3012170,3103370,3188252,3256150,3303611,3347118,3389239,3439577,3498495,3567680,3637702,3711383,3794517,3888448,3978833,4077049,4218774,4358813,4454608,4542765,4626294,4700437,4788222,4873418,4966648,5032491,5062611
Burundi,BDI,"Labor force, total",SL.TLF.TOTL.IN,,,,,,,,,,,,,,,,,,,,,,,,,,,,,,,2579227,2589699,2602226,2615470,2627556,2638344,2643793,2647273,2653527,2677085,2714429,2802498,2905730,3020850,3142756,3267144,3388958,3513541,3639043,3764253,3888282,3983756,4081386,4181126,4283003,4422039,4568419,4720326,4867642
Belgium,BEL,"Labor force, total",SL.TLF.TOTL.IN,,,,,,,,,,,,,,,,,,,,,,,,,,,,,,,3948867,4037587,4076552,4100442,4163102,4194918,4197481,4218297,4255095,4367000,4411179,4307572,4350412,4381675,4465111,4616055,4634829,4722700,4766098,4788134,4887403,4867238,4902937,4958437,4984468,5000910,5004628,5037057,5050908
Benin,BEN,"Labor force, total",SL.TLF.TOTL.IN,,,,,,,,,,,,,,,,,,,,,,,,,,,,,,,1954174,2022257,2096810,2177716,2260590,2343986,2415916,2488738,2563039,2639937,2720193,2800140,2884087,2983550,3084631,3186622,3279879,3374022,3469776,3568162,3670008,3771573,3890056,4013695,4142756,4278146,4414908,4557465,4707957
Burkina Faso,BFA,"Labor force, total",SL.TLF.TOTL.IN,,,,,,,,,,,,,,,,,,,,,,,,,,,,,,,3864751,3962804,4043669,4129868,4221771,4318163,4403354,4496091,4594103,4695976,4801766,4896171,4996713,5101765,5211836,5325133,5428598,5544104,5662809,5783758,5906179,6017178,6131581,6246635,6359994,6577016,6797737,7025864,7245224
Bangladesh,BGD,"Labor force, total",SL.TLF.TOTL.IN,,,,,,,,,,,,,,,,,,,,,,,,,,,,,,,34699739,35755098,36870445,38046640,39286180,40590772,41839185,43151760,44513569,45907743,47313886,48601411,49917849,51234885,52519835,53757570,54742965,55706136,56646152,57592829,58567326,59676559,60801624,61942792,63096508,64254261,65383994,69246662,70495225
Bulgaria,BGR,"Labor force, total",SL.TLF.TOTL.IN,,,,,,,,,,,,,,,,,,,,,,,,,,,,,,,4026285,3994532,3968791,3900299,3848551,3788970,3728446,3661232,3587909,3513846,3437082,3508796,3419546,3350106,3392787,3334372,3441995,3517645,3583233,3509649,3426004,3343906,3353792,3378787,3370952,3344317,3273207,3365570,3326595
Bahrain,BHR,"Labor force, total",SL.TLF.TOTL.IN,,,,,,,,,,,,,,,,,,,,,,,,,,,,,,,217020,222201,229879,238526,247930,257703,264010,271342,280118,291227,305448,325858,349795,378726,413257,453396,501657,556576,614060,668183,714129,727110,740032,747939,758823,777898,816703,867762,922154
"Bahamas, The",BHS,"Labor force, total",SL.TLF.TOTL.IN,,,,,,,,,,,,,,,,,,,,,,,,,,,,,,,124676,129357,133593,137513,141354,144454,146690,149086,151788,154676,157639,162514,167649,172819,178203,183836,188687,193655,198767,204112,209857,213807,218229,222441,226144,229166,231992,234396,236343
Bosnia and Herzegovina,BIH,"Labor force, total",SL.TLF.TOTL.IN,,,,,,,,,,,,,,,,,,,,,,,,,,,,,,,1762868,1730409,1678155,1615904,1556753,1508997,1483248,1471030,1468710,1471323,1475492,1479570,1487138,1496506,1505698,1520767,1525688,1526554,1523983,1518897,1511194,1492571,1471824,1450547,1429288,1413403,1409378,1412753,1408075
Belarus,BLR,"Labor force, total",SL.TLF.TOTL.IN,,,,,,,,,,,,,,,,,,,,,,,,,,,,,,,4694629,4681986,4687585,4702607,4713314,4722323,4733649,4734388,4739842,4757665,4802605,4839234,4873166,4905033,4935443,4963329,4980424,5006522,5036464,5068039,5093060,5101946,5108375,5112809,5114514,5115089,5101298,5059285,5011695
Belize,BLZ,"Labor force, total",SL.TLF.TOTL.IN,,,,,,,,,,,,,,,,,,,,,,,,,,,,,,,61976,63494,64809,66045,67468,69721,72894,76804,81041,85330,89507,93615,97694,101815,106103,110605,116021,121605,127330,133159,139054,145501,151971,155090,158175,161220,166784,172033,177289
Bermuda,BMU,"Labor force, total",SL.TLF.TOTL.IN,,,,,,,,,,,,,,,,,,,,,,,,,,,,,,,,,,,,,,,,,,,,,,,,,,,,,,,,,,,
Bolivia,BOL,"Labor force, total",SL.TLF.TOTL.IN,,,,,,,,,,,,,,,,,,,,,,,,,,,,,,,2758103,2835966,2906213,2988591,3075904,3166776,3256372,3352289,3441277,3529828,3619879,3728987,3841508,3956829,4074072,4192826,4312839,4340187,4461465,4562999,4662612,4757848,4669613,4803674,5052899,4857515,5225314,5128803,5234473
Brazil,BRA,"Labor force, total",SL.TLF.TOTL.IN,,,,,,,,,,,,,,,,,,,,,,,,,,,,,,,59935846,61774955,63616649,65491135,67439073,69471929,69628097,72094149,74087612,76544408,78592385,80557902,83166130,84917104,87537344,90060879,91199298,92381451,93934680,95821296,95754940,95602835,98203035,99540311,100603554,102301658,103212428,104980807,106034877
Barbados,BRB,"Labor force, total",SL.TLF.TOTL.IN,,,,,,,,,,,,,,,,,,,,,,,,,,,,,,,136412,134915,137528,139595,141400,143677,142953,143752,144304,144712,144991,146172,147195,148122,150322,150997,151471,151927,152299,152486,152250,152874,151111,153217,148959,150500,152668,152488,152053
Brunei Darussalam,BRN,"Labor force, total",SL.TLF.TOTL.IN,,,,,,,,,,,,,,,,,,,,,,,,,,,,,,,110141,113841,117944,122283,126886,131770,136093,140812,145941,151408,157080,161006,164730,168684,172758,176813,179290,181860,184641,187730,191129,195115,198890,202522,206115,209669,212688,215805,218891
Bhutan,BTN,"Labor force, total",SL.TLF.TOTL.IN,,,,,,,,,,,,,,,,,,,,,,,,,,,,,,,203309,200880,197030,192690,188990,186795,190259,195799,203195,212178,222474,236137,251375,267621,284113,300294,314005,327066,339490,351556,352752,352709,349247,361128,360141,380655,388836,396221,403811
Botswana,BWA,"Labor force, total",SL.TLF.TOTL.IN,,,,,,,,,,,,,,,,,,,,,,,,,,,,,,,465471,484061,502992,522373,542477,563234,580922,599394,619040,628200,635691,658674,682037,705876,730338,755534,782726,799336,816307,833694,813670,891082,962234,1028360,1053568,1080041,1105236,1131720,1160977
Central African Republic,CAF,"Labor force, total",SL.TLF.TOTL.IN,,,,,,,,,,,,,,,,,,,,,,,,,,,,,,,1219433,1249840,1285166,1323187,1362529,1402199,1436510,1470183,1504406,1539689,1576802,1605603,1635398,1667143,1698344,1730856,1757981,1786043,1813356,1837245,1856148,1857567,1852767,1851880,1848391,1851213,1875474,1908906,1952603
Canada,CAN,"Labor force, total",SL.TLF.TOTL.IN,,,,,,,,,,,,,,,,,,,,,,,,,,,,,,,14716261,14808612,14789873,14876489,14987656,15052399,15194742,15445478,15698736,15986508,16234999,16492176,16944453,17361674,17583893,17734768,17912036,18274451,18573874,18709052,18913515,19059145,19263635,19504718,19601430,19732875,19926490,20177518,20266278
Central Europe and the Baltics,CEB,"Labor force, total",SL.TLF.TOTL.IN,,,,,,,,,,,,,,,,,,,,,,,,,,,,,,,52833858,52900048,52883291,52656925,52306519,51955597,51331076,51071583,50911647,50848357,50798429,50657803,49213471,48915273,48864956,48842170,48918333,48845546,48975207,49049292,49266359,48988670,49249055,49294290,49605154,49536778,49455898,49874506,49470423
Switzerland,CHE,"Labor force, total",SL.TLF.TOTL.IN,,,,,,,,,,,,,,,,,,,,,,,,,,,,,,,3811875,3856542,3885656,3909026,3880091,3888068,3930360,3930313,3975083,3997693,3996363,4053841,4092249,4139797,4147733,4171832,4236262,4307785,4409978,4480116,4450003,4539326,4597385,4656463,4742990,4814238,4889889,4918626,4946265
Channel Islands,CHI,"Labor force, total",SL.TLF.TOTL.IN,,,,,,,,,,,,,,,,,,,,,,,,,,,,,,,68110,68549,68958,69359,69853,70051,70300,70825,71598,72501,73158,73819,74700,75415,75891,76768,77367,77932,78445,78985,79503,79251,79579,79986,80554,80988,81287,81504,82112
Chile,CHL,"Labor force, total",SL.TLF.TOTL.IN,,,,,,,,,,,,,,,,,,,,,,,,,,,,,,,5097047,5224965,5369639,5497820,5619778,5759064,5899610,6036688,6156757,6256884,6301723,6330163,6400749,6588370,6800278,6997073,7210730,7414954,7724957,7828881,8005210,8276686,8379304,8503214,8640733,8755232,8841398,8972492,9076843
China,CHN,"Labor force, total",SL.TLF.TOTL.IN,,,,,,,,,,,,,,,,,,,,,,,,,,,,,,,639943430,648168644,658132789,668969201,679289835,688175365,700455725,709659006,717198752,725253179,734849258,740669268,747357876,754391730,760824124,766360863,770370795,774185350,777399187,779404706,779956733,783018630,785504321,787010207,788179264,788901659,789149173,789899683,787551371
Cote d'Ivoire,CIV,"Labor force, total",SL.TLF.TOTL.IN,,,,,,,,,,,,,,,,,,,,,,,,,,,,,,,4527068,4693668,4870286,5054604,5242706,5427845,5590301,5756646,5919904,6046665,6165381,6234839,6296159,6353591,6411916,6475346,6556256,6643909,6739504,6844066,6957112,7082245,7217611,7361291,7510643,7663648,7806149,8020583,8237161
Cameroon,CMR,"Labor force, total",SL.TLF.TOTL.IN,,,,,,,,,,,,,,,,,,,,,,,,,,,,,,,5203284,5348259,5499766,5659728,5823528,5994380,6156679,6327268,6507298,6696792,6895806,7090529,7294922,7508829,7732264,7968365,8199450,8443837,8504564,8548682,8574179,8826266,9087985,9358542,9638622,9928748,10220533,10524055,10820815
"Congo, Dem. Rep.",COD,"Labor force, total",SL.TLF.TOTL.IN,,,,,,,,,,,,,,,,,,,,,,,,,,,,,,,13500247,13994913,14550163,15138563,15701521,16229383,16656473,17063296,17459062,17887566,18368866,18861495,19399788,19981833,20600495,21253039,21581170,21931501,22295982,22666550,23038744,23363500,23695453,24469853,25278806,26132245,26997713,27900888,28770337
"Congo, Rep.",COG,"Labor force, total",SL.TLF.TOTL.IN,,,,,,,,,,,,,,,,,,,,,,,,,,,,,,,930871,959281,989320,1021551,1056115,1090708,1125206,1162340,1200356,1240942,1280933,1318397,1357366,1399376,1444005,1491337,1544002,1602419,1661472,1720291,1777394,1822838,1866318,1909184,1952142,1998662,2051419,2105535,2164349
Colombia,COL,"Labor force, total",SL.TLF.TOTL.IN,,,,,,,,,,,,,,,,,,,,,,,,,,,,,,,14607575,14996735,15415210,15799278,16247310,16710064,17134249,17610403,18060631,18427565,18935128,19412262,19843183,20434262,20440208,20653231,20764466,20876910,21434364,22715785,23402384,24032600,24741054,24986920,25374066,25861740,26077358,26290727,26635835
Comoros,COM,"Labor force, total",SL.TLF.TOTL.IN,,,,,,,,,,,,,,,,,,,,,,,,,,,,,,,92545,95596,98379,101498,105049,108421,111986,115461,119174,123006,126650,130526,134577,138816,143256,147847,152442,157358,162521,167817,173315,178769,184448,190297,196422,202781,208939,215331,221722
Cabo Verde,CPV,"Labor force, total",SL.TLF.TOTL.IN,,,,,,,,,,,,,,,,,,,,,,,,,,,,,,,113670,117086,121044,125420,130003,134679,139162,143606,148076,152736,157677,163487,169537,175796,182152,188537,195098,201557,207901,214144,220301,226254,232398,238609,244767,250774,256742,262561,268112
Costa Rica,CRI,"Labor force, total",SL.TLF.TOTL.IN,,,,,,,,,,,,,,,,,,,,,,,,,,,,,,,1173771,1202753,1219759,1272845,1321701,1386181,1382691,1480631,1566144,1603587,1616255,1722648,1758312,1805081,1816444,1927487,1961730,2031042,2062200,2083500,2110747,2097360,2265146,2287414,2312680,2307062,2243594,2306821,2337785
Caribbean small states,CSS,"Labor force, total",SL.TLF.TOTL.IN,,,,,,,,,,,,,,,,,,,,,,,,,,,,,,,2382948,2426161,2471610,2513767,2559977,2591491,2620856,2645105,2666370,2695667,2722966,2755482,2788300,2832807,2884146,2932066,2973301,3011412,3050046,3081148,3108005,3139126,3185202,3245107,3286999,3317529,3368229,3400555,3424816
Cuba,CUB,"Labor force, total",SL.TLF.TOTL.IN,,,,,,,,,,,,,,,,,,,,,,,,,,,,,,,4106126,4179433,4249149,4311250,4365245,4409543,4456102,4482353,4503106,4520434,4550583,4578741,4618279,4661144,4701413,4801093,4892020,5011692,5081448,5209733,5197928,5209050,5207783,5212921,5213920,5208705,5194108,5180423,5182223
Curacao,CUW,"Labor force, total",SL.TLF.TOTL.IN,,,,,,,,,,,,,,,,,,,,,,,,,,,,,,,,,,,,,,,,,,,,,,,,,,,,,,,,,,,
Cayman Islands,CYM,"Labor force, total",SL.TLF.TOTL.IN,,,,,,,,,,,,,,,,,,,,,,,,,,,,,,,,,,,,,,,,,,,,,,,,,,,,,,,,,,,
Cyprus,CYP,"Labor force, total",SL.TLF.TOTL.IN,,,,,,,,,,,,,,,,,,,,,,,,,,,,,,,342047,352193,360033,369467,381309,388868,399781,412291,421194,432229,445174,465341,475443,494573,509249,518096,531591,546825,557601,570793,585664,585592,589093,593755,604607,604303,603052,611065,614871
Czech Republic,CZE,"Labor force, total",SL.TLF.TOTL.IN,,,,,,,,,,,,,,,,,,,,,,,,,,,,,,,4944709,4979873,5025025,5079435,5138632,5158918,5156866,5134576,5155929,5184091,5153263,5132262,5133854,5128040,5125007,5180448,5186194,5185902,5205214,5249841,5241385,5232517,5269255,5321842,5322708,5336296,5387428,5419640,5392953
Germany,DEU,"Labor force, total",SL.TLF.TOTL.IN,,,,,,,,,,,,,,,,,,,,,,,,,,,,,,,38880688,40037069,39884310,39660619,39918708,39793174,39815712,40042634,40074824,40291027,40252663,40335453,40453688,40658170,40561684,41261012,41609632,41889279,41895668,41957366,42016700,41700338,41807485,42203758,42456751,42780211,43294640,43597756,43507468
Djibouti,DJI,"Labor force, total",SL.TLF.TOTL.IN,,,,,,,,,,,,,,,,,,,,,,,,,,,,,,,202882,208361,212253,215614,219000,223356,230475,238409,246993,255979,265188,272300,279518,286853,294246,301860,309841,318249,327020,336137,345569,355458,365480,375635,385870,396151,405510,415017,424438
Dominica,DMA,"Labor force, total",SL.TLF.TOTL.IN,,,,,,,,,,,,,,,,,,,,,,,,,,,,,,,,,,,,,,,,,,,,,,,,,,,,,,,,,,,
Denmark,DNK,"Labor force, total",SL.TLF.TOTL.IN,,,,,,,,,,,,,,,,,,,,,,,,,,,,,,,2871357,2874889,2877186,2858414,2780846,2825968,2836607,2857119,2845775,2878840,2863199,2854562,2890555,2870393,2898633,2900837,2931220,2930742,2962829,2952579,2929914,2928267,2911825,2894609,2907004,2931334,3024482,2986071,2994421
Dominican Republic,DOM,"Labor force, total",SL.TLF.TOTL.IN,,,,,,,,,,,,,,,,,,,,,,,,,,,,,,,2450986,2514512,2584214,2650749,2713834,2781384,2851578,2925495,3000396,3074908,3147292,3220799,3295655,3361676,3430571,3512028,3659386,3714569,3812896,3739933,3911218,4134347,4203938,4295374,4394997,4686531,4788918,4869358,4952136
Algeria,DZA,"Labor force, total",SL.TLF.TOTL.IN,,,,,,,,,,,,,,,,,,,,,,,,,,,,,,,6486304,6754236,7003110,7295867,7587464,7843658,8095011,8298430,8507767,8719362,8930844,9157772,9379025,9598651,9819838,10042331,10254769,10460259,10661124,10861377,11136913,11358846,11597754,12064551,11642537,11794751,11937457,12087847,12238275
East Asia & Pacific (excluding high income),EAP,"Labor force, total",SL.TLF.TOTL.IN,,,,,,,,,,,,,,,,,,,,,,,,,,,,,,,845911843,860499378,876581449,892588734,908108037,922624346,940500487,955569349,969952311,984431620,998803215,1008852573,1018313758,1028816090,1040161736,1048638364,1057344473,1069715242,1078306183,1085362005,1091120526,1100986814,1108950253,1113595938,1119152885,1123492779,1126072354,1130626329,1132722575
Early-demographic dividend,EAR,"Labor force, total",SL.TLF.TOTL.IN,,,,,,,,,,,,,,,,,,,,,,,,,,,,,,,727977643,747834207,768483533,787622303,810357509,829718435,850173187,872319701,895182923,918561149,938604899,960692047,982459018,1005269925,1032002209,1055642986,1071596159,1090360134,1105500228,1121982135,1138767523,1154725175,1171911530,1194596021,1216359597,1240461652,1263294044,1288560869,1310720561
East Asia & Pacific,EAS,"Labor force, total",SL.TLF.TOTL.IN,,,,,,,,,,,,,,,,,,,,,,,,,,,,,,,952713389,969364539,986985123,1003806311,1020734319,1036627436,1055944040,1072477641,1086977325,1101854362,1116939014,1127728643,1137616980,1148330895,1160234453,1169492692,1179137232,1192700243,1202051715,1209345973,1215637516,1225794729,1234294121,1240075284,1246998381,1252355755,1256100989,1261800237,1263861412
Europe & Central Asia (excluding high income),ECA,"Labor force, total",SL.TLF.TOTL.IN,,,,,,,,,,,,,,,,,,,,,,,,,,,,,,,176487979,177121819,177803178,175427879,175201976,175166453,174119390,172540791,171961065,176271055,176328161,175187366,175559022,175387635,176437388,177672551,178675999,180545659,182268834,183620140,185369008,187139726,187869237,189187882,189870724,191324983,192362626,193310961,193046452
Europe & Central Asia,ECS,"Labor force, total",SL.TLF.TOTL.IN,,,,,,,,,,,,,,,,,,,,,,,,,,,,,,,388482752,390786192,390806055,388050210,388205880,388217328,388172784,387581510,388464174,394717836,396274328,395730665,398371645,400657778,403491922,407728781,410728738,414597711,418746217,421090290,423400297,425071690,427462957,429704863,431396349,433713461,436325297,438269086,437664067
Ecuador,ECU,"Labor force, total",SL.TLF.TOTL.IN,,,,,,,,,,,,,,,,,,,,,,,,,,,,,,,4067367,4201447,4332313,4465698,4609549,4746586,4880048,5022628,5346736,5454904,5562331,5662420,5761749,5860377,6206949,6294524,6566155,6575016,6737789,6694987,6730904,6794068,7005485,7085380,7207342,7627714,8002212,8230147,8372021
"Egypt, Arab Rep.",EGY,"Labor force, total",SL.TLF.TOTL.IN,,,,,,,,,,,,,,,,,,,,,,,,,,,,,,,15778110,16178583,16573245,17024865,17843313,17872794,18194743,18487922,18773905,19957967,20450105,20823211,21206688,22072827,22952078,23824202,24616731,25778898,26304273,27244339,28091543,28570444,29369301,30209413,30769227,30316286,30643978,31157589,31853534
Euro area,EMU,"Labor force, total",SL.TLF.TOTL.IN,,,,,,,,,,,,,,,,,,,,,,,,,,,,,,,140008241,141677505,141150306,141235842,142025068,142235599,143246373,144249970,145472020,147016056,148172447,148558749,150603626,152758141,154207349,156263642,157798199,159388500,160896497,161331095,161506698,161029597,162024913,162403732,162656712,163037247,163961299,164594096,164216873
Eritrea,ERI,"Labor force, total",SL.TLF.TOTL.IN,,,,,,,,,,,,,,,,,,,,,,,,,,,,,,,1390394,1379592,1359612,1335057,1313250,1300760,1322709,1353654,1393632,1441188,1494875,1559884,1631711,1707115,1780741,1849641,1898049,1940570,1979945,2015088,2050158,2086893,,,,,,,
Spain,ESP,"Labor force, total",SL.TLF.TOTL.IN,,,,,,,,,,,,,,,,,,,,,,,,,,,,,,,15594987,15742777,15886115,16113250,16426457,16541613,16820521,17146817,17424004,17749922,18265124,18197220,19041222,19814449,20485984,21257362,21906258,22487090,23119646,23387407,23577218,23613497,23604551,23377272,23143877,23056875,23016300,22928881,22817752
Estonia,EST,"Labor force, total",SL.TLF.TOTL.IN,,,,,,,,,,,,,,,,,,,,,,,,,,,,,,,773798,766872,751458,732091,716836,704354,693954,695454,680741,673734,679299,669058,654674,677787,678266,673822,693423,692026,697830,690487,683966,687800,684718,680940,676059,686173,694099,700951,694458
Ethiopia,ETH,"Labor force, total",SL.TLF.TOTL.IN,,,,,,,,,,,,,,,,,,,,,,,,,,,,,,,20146520,20814209,21540307,22290663,23073605,24008151,24874131,25755072,26659387,27604146,28600873,29544353,30563592,31641700,32760643,33917840,34936113,36000797,37125770,38323277,39593779,40960597,42376594,43842106,45363430,46925589,48471988,50068029,51815840
European Union,EUU,"Labor force, total",SL.TLF.TOTL.IN,,,,,,,,,,,,,,,,,,,,,,,,,,,,,,,222092438,223690308,222990016,222598036,222991037,222935133,223421543,224333433,225466269,227313582,228645503,228885802,229871622,231937383,233675989,236283624,238432162,240200765,242296101,243031913,243680618,243210699,244826123,245640414,246551767,247182908,248439809,249676377,249128282
Fragile and conflict affected situations,FCS,"Labor force, total",SL.TLF.TOTL.IN,,,,,,,,,,,,,,,,,,,,,,,,,,,,,,,93394289,96137791,99012448,102155784,105357627,108637696,111486840,114314961,117183450,120152658,123265346,126198637,129320822,132573137,135746101,138918728,141555848,144222069,147070734,149784358,152853446,156165550,159446526,163377138,167574708,172000732,176152634,180615255,185511744
Finland,FIN,"Labor force, total",SL.TLF.TOTL.IN,,,,,,,,,,,,,,,,,,,,,,,,,,,,,,,2622943,2581454,2536684,2514611,2494493,2475034,2457487,2503861,2522361,2566222,2586033,2608203,2623439,2620846,2611698,2627895,2661097,2690371,2718446,2689293,2679149,2692175,2699346,2685221,2688636,2695058,2687198,2704641,2700851
Fiji,FJI,"Labor force, total",SL.TLF.TOTL.IN,,,,,,,,,,,,,,,,,,,,,,,,,,,,,,,269114,273706,277433,282571,287571,293158,296277,298255,300106,301461,302313,307569,311971,316042,320376,325205,333574,343088,353450,364242,375126,384394,380405,375789,370549,369523,369047,371187,374493
France,FRA,"Labor force, total",SL.TLF.TOTL.IN,,,,,,,,,,,,,,,,,,,,,,,,,,,,,,,26127954,25977351,26170128,26281172,26344081,26474585,26800071,26770765,26947154,27262630,27479615,27558926,27903772,28468122,28660874,28944175,29090451,29328351,29531164,29765570,29861054,29856334,30092441,30231151,30170401,30251104,30319992,30372800,30403027
Faroe Islands,FRO,"Labor force, total",SL.TLF.TOTL.IN,,,,,,,,,,,,,,,,,,,,,,,,,,,,,,,,,,,,,,,,,,,,,,,,,,,,,,,,,,,
"Micronesia, Fed. Sts.",FSM,"Labor force, total",SL.TLF.TOTL.IN,,,,,,,,,,,,,,,,,,,,,,,,,,,,,,,,,,,,,,,,,,,,,,,,,,,,,,,,,,,
Gabon,GAB,"Labor force, total",SL.TLF.TOTL.IN,,,,,,,,,,,,,,,,,,,,,,,,,,,,,,,253837,259195,265742,272233,279225,286605,294499,302798,311893,322833,333800,344846,357167,370385,385017,400735,419703,439154,461319,484712,508697,532196,557607,583886,610390,636363,655211,673309,690206
United Kingdom,GBR,"Labor force, total",SL.TLF.TOTL.IN,,,,,,,,,,,,,,,,,,,,,,,,,,,,,,,29040591,28910691,28745057,28507538,28449069,28418872,28517679,28693133,28761240,29050150,29295681,29259847,29588217,29868748,30142943,30589897,31037809,31240396,31647690,31825552,32010415,32192066,32543044,32853165,33143711,33408045,33692950,33853423,33999533
Georgia,GEO,"Labor force, total",SL.TLF.TOTL.IN,,,,,,,,,,,,,,,,,,,,,,,,,,,,,,,2392170,2424362,2460919,2500268,2484436,2385030,2283032,2196503,2143245,2101786,2003899,2061536,1992008,2034586,1996802,1991946,1991317,1992318,1997277,1988971,2013146,2029544,2050357,2024016,2034761,2062766,2039265,2032153,2024923
Ghana,GHA,"Labor force, total",SL.TLF.TOTL.IN,,,,,,,,,,,,,,,,,,,,,,,,,,,,,,,6169760,6357997,6557409,6763572,6974167,7185211,7385670,7586522,7790987,8005238,8233054,8397579,8576633,8766680,8962584,9161631,9362124,9588914,9817832,10050248,10284596,10502807,10722054,10940634,11157495,11373224,11670096,11969878,12259949
Gibraltar,GIB,"Labor force, total",SL.TLF.TOTL.IN,,,,,,,,,,,,,,,,,,,,,,,,,,,,,,,,,,,,,,,,,,,,,,,,,,,,,,,,,,,
Guinea,GIN,"Labor force, total",SL.TLF.TOTL.IN,,,,,,,,,,,,,,,,,,,,,,,,,,,,,,,2231984,2346841,2481744,2624242,2761131,2883202,2969197,3036939,3094323,3149640,3209733,3264232,3322371,3387564,3457058,3531181,3605506,3685258,3772726,3868545,3963907,4056765,4154559,4259566,4371512,4490903,4613172,4743688,4887409
"Gambia, The",GMB,"Labor force, total",SL.TLF.TOTL.IN,,,,,,,,,,,,,,,,,,,,,,,,,,,,,,,284087,293099,301389,309464,318513,328285,337216,347142,358075,370020,382899,395071,408411,422749,437858,453639,468855,484943,501944,519917,538838,557627,577412,596808,617588,639053,660390,682636,706908
Guinea-Bissau,GNB,"Labor force, total",SL.TLF.TOTL.IN,,,,,,,,,,,,,,,,,,,,,,,,,,,,,,,398150,407323,417107,427316,437890,448709,456050,463905,473432,482465,492146,504010,517055,531077,545943,561522,576887,593187,610411,628547,647523,665961,686127,707014,728642,750441,771562,793397,815615
Equatorial Guinea,GNQ,"Labor force, total",SL.TLF.TOTL.IN,,,,,,,,,,,,,,,,,,,,,,,,,,,,,,,143483,148125,152942,158163,164064,170741,177364,185152,194034,203869,214535,224262,235286,247636,261278,276119,290123,305857,323300,342227,362327,379042,397349,417246,438516,460814,476774,494389,513691
Greece,GRC,"Labor force, total",SL.TLF.TOTL.IN,,,,,,,,,,,,,,,,,,,,,,,,,,,,,,,4198241,4163454,4280786,4318576,4425528,4516818,4613396,4638407,4768457,4841913,4875327,4817129,4870068,4918633,5008126,5005315,5048617,5053999,5066715,5123764,5148022,5083114,5040127,4985816,4926565,4908985,4906562,4897258,4863777
Grenada,GRD,"Labor force, total",SL.TLF.TOTL.IN,,,,,,,,,,,,,,,,,,,,,,,,,,,,,,,,,,,,,,,,,,,,,,,,,,,,,,,,,,,
Greenland,GRL,"Labor force, total",SL.TLF.TOTL.IN,,,,,,,,,,,,,,,,,,,,,,,,,,,,,,,,,,,,,,,,,,,,,,,,,,,,,,,,,,,
Guatemala,GTM,"Labor force, total",SL.TLF.TOTL.IN,,,,,,,,,,,,,,,,,,,,,,,,,,,,,,,3113748,3197297,3280593,3363884,3452484,3549187,3640386,3743098,3854109,3966138,4078614,4203609,4331842,4461078,4600436,4725239,4857703,4999559,5148299,5299858,5452475,5616014,6248455,5973214,6210888,6366233,6624831,6840451,7042791
Guam,GUM,"Labor force, total",SL.TLF.TOTL.IN,,,,,,,,,,,,,,,,,,,,,,,,,,,,,,,65484,66860,68152,69363,70423,71409,72272,73124,73862,74644,75253,75582,75757,75869,75949,76054,76178,76321,76557,76886,77086,77371,77787,78096,78483,78995,79628,80352,80991
Guyana,GUY,"Labor force, total",SL.TLF.TOTL.IN,,,,,,,,,,,,,,,,,,,,,,,,,,,,,,,282298,284703,287387,289915,288732,287064,285629,283881,281563,278498,274889,272191,269017,267786,267532,267411,270516,273809,276522,279194,281833,286628,291900,297475,302984,308181,312569,316798,321095
High income,HIC,"Labor force, total",SL.TLF.TOTL.IN,,,,,,,,,,,,,,,,,,,,,,,,,,,,,,,494174189,499759130,502944373,505848924,511185291,516175970,521488179,527536617,531964185,537376914,542733803,546125897,550839828,555866521,561030945,568317461,575118697,581707092,588899314,592380044,595349719,597752216,603199240,607604301,612198656,616848470,622969953,628339790,629818271
"Hong Kong SAR, China",HKG,"Labor force, total",SL.TLF.TOTL.IN,,,,,,,,,,,,,,,,,,,,,,,,,,,,,,,2869336,2920256,2915059,2951623,3021612,3101880,3234750,3263541,3305791,3350430,3392866,3440151,3496693,3489685,3532460,3553267,3596080,3651714,3664393,3682695,3656647,3722477,3806392,3879934,3899332,3933395,3949386,3959441,3955126
Honduras,HND,"Labor force, total",SL.TLF.TOTL.IN,,,,,,,,,,,,,,,,,,,,,,,,,,,,,,,1770003,1832765,1899628,1969737,2036609,2111788,2188435,2271411,2356471,2438976,2483212,2526435,2599663,2674107,2750467,2829001,2849348,2896873,3027738,3180908,3341744,3330603,3382020,3644005,3833275,3944692,4008152,4129323,4236042
Heavily indebted poor countries (HIPC),HPC,"Labor force, total",SL.TLF.TOTL.IN,,,,,,,,,,,,,,,,,,,,,,,,,,,,,,,140503707,144668228,149148658,153873384,158765040,163899793,168599701,173380233,178391328,183610567,189077758,194453901,200286831,206435673,212813127,219325222,225133021,230920823,236904187,243127213,249643720,256285807,263153568,271225077,279576656,288059676,297471311,306846171,316680501
Croatia,HRV,"Labor force, total",SL.TLF.TOTL.IN,,,,,,,,,,,,,,,,,,,,,,,,,,,,,,,2218248,2174108,2109870,2109187,2120067,2091901,2055110,2035576,2024514,2007455,1981847,1898897,1872721,1884544,1935308,1935848,1921680,1936561,1940997,1937381,1913390,1877329,1857632,1837999,1890446,1893618,1833304,1825674,1809562
Haiti,HTI,"Labor force, total",SL.TLF.TOTL.IN,,,,,,,,,,,,,,,,,,,,,,,,,,,,,,,2721317,2767933,2811792,2855232,2901419,2951659,3003108,3057662,3114945,3174073,3234895,3320458,3410844,3505274,3602766,3702725,3802787,3904336,4004686,4109852,4208988,4318550,4429539,4544211,4656701,4765070,4873203,4977794,5082250
Hungary,HUN,"Labor force, total",SL.TLF.TOTL.IN,,,,,,,,,,,,,,,,,,,,,,,,,,,,,,,4509433,4514359,4530139,4385723,4256617,4182840,4079603,4011271,4065960,4139199,4160495,4147331,4150157,4221391,4202060,4273343,4304659,4287279,4258817,4258665,4299563,4316084,4368797,4401133,4525623,4616041,4686095,4717813,4693184
IBRD only,IBD,"Labor force, total",SL.TLF.TOTL.IN,,,,,,,,,,,,,,,,,,,,,,,,,,,,,,,1547611698,1575655146,1606302544,1634763341,1665218918,1692950178,1721451033,1750518521,1779161223,1812849577,1841783953,1867518751,1895177285,1923165330,1956039200,1985697764,2004342612,2026374776,2044356644,2062476064,2075788598,2092626938,2111018872,2131758529,2150913179,2171335925,2189607594,2209727674,2224130524
IDA & IBRD total,IBT,"Labor force, total",SL.TLF.TOTL.IN,,,,,,,,,,,,,,,,,,,,,,,,,,,,,,,1852295320,1888882250,1928565908,1966174077,2006779831,2044142205,2082787172,2122431683,2161562049,2206370414,2246624386,2283103826,2321796638,2361555554,2406188423,2447258528,2476627430,2509826094,2539274352,2569525765,2595719999,2625212631,2656926114,2692216350,2725587200,2762547649,2796061721,2834729636,2865940791
IDA total,IDA,"Labor force, total",SL.TLF.TOTL.IN,,,,,,,,,,,,,,,,,,,,,,,,,,,,,,,304683622,313227105,322263364,331410736,341560913,351192028,361336140,371913161,382400826,393520838,404840433,415585075,426619353,438390224,450149222,461560764,472284818,483451317,494917709,507049701,519931401,532585693,545907242,560457821,574674021,591211724,606454127,625001962,641810267
IDA blend,IDB,"Labor force, total",SL.TLF.TOTL.IN,,,,,,,,,,,,,,,,,,,,,,,,,,,,,,,91559019,93945642,96555188,98897986,101970210,104099488,107332630,110754983,113737439,117058448,120625570,123522265,126673931,130375101,133989732,136949156,140121031,143740812,147252740,151365234,155673177,159907420,164494752,169364309,173687130,179546340,184078582,188738553,193524560
Indonesia,IDN,"Labor force, total",SL.TLF.TOTL.IN,,,,,,,,,,,,,,,,,,,,,,,,,,,,,,,72987003,76020301,79071879,81279844,83538248,85869563,88153543,90529549,93935436,97257803,98590298,98988469,98795586,99674234,101615603,101341559,103308748,108718526,111074877,112813483,115393714,117621770,120440704,121167021,122687833,124090833,125319316,128806243,130710566
IDA only,IDX,"Labor force, total",SL.TLF.TOTL.IN,,,,,,,,,,,,,,,,,,,,,,,,,,,,,,,213124603,219281463,225708177,232512750,239590703,247092540,254003509,261158178,268663387,276462390,284214863,292062810,299945422,308015123,316159490,324611608,332163787,339710505,347664968,355684466,364258224,372678274,381412489,391093512,400986891,411665384,422375545,436263410,448285707
Isle of Man,IMN,"Labor force, total",SL.TLF.TOTL.IN,,,,,,,,,,,,,,,,,,,,,,,,,,,,,,,,,,,,,,,,,,,,,,,,,,,,,,,,,,,
India,IND,"Labor force, total",SL.TLF.TOTL.IN,,,,,,,,,,,,,,,,,,,,,,,,,,,,,,,316724025,324033624,331664465,339690121,348238694,355847072,363244471,370902251,378795276,386886229,395136250,405514110,416231067,427231188,438457084,449867606,451972855,454068633,456124206,458152065,460155571,460826742,461674180,470509991,479196557,487575264,495707548,503366275,510486051
Not classified,INX,"Labor force, total",SL.TLF.TOTL.IN,,,,,,,,,,,,,,,,,,,,,,,,,,,,,,,,,,,,,,,,,,,,,,,,,,,,,,,,,,,
Ireland,IRL,"Labor force, total",SL.TLF.TOTL.IN,,,,,,,,,,,,,,,,,,,,,,,,,,,,,,,1433819,1462731,1450669,1486501,1522335,1547288,1595878,1645361,1732587,1809868,1870854,1907342,1952107,1996797,2046585,2160624,2244806,2329129,2351041,2312598,2277533,2254338,2245284,2262571,2264920,2279856,2313930,2332851,2340271
"Iran, Islamic Rep.",IRN,"Labor force, total",SL.TLF.TOTL.IN,,,,,,,,,,,,,,,,,,,,,,,,,,,,,,,14224827,14390391,14600359,14794270,15009979,15270605,15667101,16393917,17191044,18052039,18973996,20004112,21099667,22261184,23468763,24692931,24717904,24706267,23958309,24639491,24632928,24725749,24818655,24901251,24960570,25936916,27165257,27400042,27580400
Iraq,IRQ,"Labor force, total",SL.TLF.TOTL.IN,,,,,,,,,,,,,,,,,,,,,,,,,,,,,,,3994855,4126725,4255112,4421483,4592789,4764091,4956847,5139861,5321791,5508074,5698750,5877713,6063661,6252984,6440663,6624896,6804144,6976660,7159516,7358564,7581210,7844927,8137098,8432063,8798218,9114232,9332848,9693799,10001993
Iceland,ISL,"Labor force, total",SL.TLF.TOTL.IN,,,,,,,,,,,,,,,,,,,,,,,,,,,,,,,142030,143965,147806,147898,149444,155103,153711,153679,158874,164020,169237,171637,171169,172123,173090,174963,181726,187323,189957,187684,188675,187904,189265,193286,198782,203034,208175,210269,210651
Israel,ISR,"Labor force, total",SL.TLF.TOTL.IN,,,,,,,,,,,,,,,,,,,,,,,,,,,,,,,1889736,2024698,2125444,2246437,2349031,2434792,2480344,2531084,2581600,2668984,2768455,2834953,2860585,2931315,3010815,3085340,3170558,3261299,3326601,3411097,3494743,3542908,3641401,3713561,3805482,3877021,3957145,4029620,4093627
Italy,ITA,"Labor force, total",SL.TLF.TOTL.IN,,,,,,,,,,,,,,,,,,,,,,,,,,,,,,,23918248,24092697,23334561,23200565,23007253,22871078,22973201,23011807,23160484,23302720,23334798,23456481,23716874,24027306,24562077,24402453,24439818,24417189,24732930,24517057,24451369,24439314,24961797,25064690,25416313,25341014,25584166,25717681,25595058
Jamaica,JAM,"Labor force, total",SL.TLF.TOTL.IN,,,,,,,,,,,,,,,,,,,,,,,,,,,,,,,1084538,1104525,1124934,1144903,1164888,1171469,1177134,1180330,1180567,1191667,1201362,1211621,1221501,1230787,1244305,1256733,1271767,1286039,1300305,1315447,1331528,1345885,1361550,1397063,1420313,1438603,1474777,1494137,1503754
Jordan,JOR,"Labor force, total",SL.TLF.TOTL.IN,,,,,,,,,,,,,,,,,,,,,,,,,,,,,,,777205,851463,915722,997515,1077805,1150987,1191414,1222634,1249085,1273385,1298304,1325098,1344194,1359818,1403358,1454005,1507031,1630972,1701569,1827111,1894063,1969502,2038778,2096207,2203029,2303289,2389570,2463662,2522474
Japan,JPN,"Labor force, total",SL.TLF.TOTL.IN,,,,,,,,,,,,,,,,,,,,,,,,,,,,,,,63876758,65018659,65854906,66179332,66493404,66839518,67373139,67978883,68042898,67828897,67653492,67601589,67173522,67065803,66725663,66733259,66802149,67142641,67097728,66912331,66662126,66044862,65647145,65983955,66189326,66363239,66842064,67249062,66909657
Kazakhstan,KAZ,"Labor force, total",SL.TLF.TOTL.IN,,,,,,,,,,,,,,,,,,,,,,,,,,,,,,,7970593,8043652,8067969,8071095,8028302,7948460,7871100,7781559,7691632,7653139,7649138,7670686,7710534,7758737,7802568,7947812,8080705,8226662,8382549,8573022,8719779,8806519,8887384,8961806,9050189,9109811,9172043,9222689,9253298
Kenya,KEN,"Labor force, total",SL.TLF.TOTL.IN,,,,,,,,,,,,,,,,,,,,,,,,,,,,,,,8648331,8985571,9349186,9730741,10120089,10511849,10877208,11237608,11597544,11978025,12215451,12395412,12592431,12791508,12972715,13128066,13581055,14040973,14520871,15012736,15516759,16045132,16603681,17181731,17774254,18374388,18995573,19620177,20248989
Kyrgyz Republic,KGZ,"Labor force, total",SL.TLF.TOTL.IN,,,,,,,,,,,,,,,,,,,,,,,,,,,,,,,1698757,1731739,1767455,1787312,1812928,1842186,1877579,1911704,1956888,2003998,2048850,2088534,2136710,2174817,2218820,2311434,2381386,2395736,2403708,2410072,2447362,2491924,2503062,2487005,2520862,2561561,2565487,2604412,2629082
Cambodia,KHM,"Labor force, total",SL.TLF.TOTL.IN,,,,,,,,,,,,,,,,,,,,,,,,,,,,,,,4003258,4124153,4230918,4337055,4453941,4599101,4742202,4941942,5171509,5420890,5579244,6160983,6335845,6463487,6545539,6807616,7082838,7358100,7634617,7893425,8146407,8246915,8349911,8448386,8533669,8602107,8760434,8906218,9065942
Kiribati,KIR,"Labor force, total",SL.TLF.TOTL.IN,,,,,,,,,,,,,,,,,,,,,,,,,,,,,,,,,,,,,,,,,,,,,,,,,,,,,,,,,,,
St. Kitts and Nevis,KNA,"Labor force, total",SL.TLF.TOTL.IN,,,,,,,,,,,,,,,,,,,,,,,,,,,,,,,,,,,,,,,,,,,,,,,,,,,,,,,,,,,
"Korea, Rep.",KOR,"Labor force, total",SL.TLF.TOTL.IN,,,,,,,,,,,,,,,,,,,,,,,,,,,,,,,19184072,19699316,20091124,20352454,20905646,21398592,21799758,22335298,22026774,22326937,22812127,23181843,23637643,23661728,24116490,24278834,24519979,24771114,24921492,24922368,25258931,25664575,26051860,26379368,27113541,27433821,27723770,28027529,28176473
Kuwait,KWT,"Labor force, total",SL.TLF.TOTL.IN,,,,,,,,,,,,,,,,,,,,,,,,,,,,,,,896943,890833,,,,777715,790789,835262,898847,967782,1023461,1055590,1081450,1098866,1129531,1175438,1235929,1313144,1408755,1529828,1660144,1788332,1929842,2079239,2217755,2334890,2380549,2419073,2443729
Latin America & Caribbean (excluding high income),LAC,"Labor force, total",SL.TLF.TOTL.IN,,,,,,,,,,,,,,,,,,,,,,,,,,,,,,,149449934,153927590,158852458,163903168,168606458,173479003,176398034,182714332,187587108,192115076,196316030,201025414,206521795,210707102,217253034,222283883,227345898,231517196,236187506,241877363,244907498,247833481,254756889,258329610,261770979,266401178,270166721,274705888,278684704
Lao PDR,LAO,"Labor force, total",SL.TLF.TOTL.IN,,,,,,,,,,,,,,,,,,,,,,,,,,,,,,,1927861,1977830,2028605,2080053,2130282,2182106,2224716,2270127,2317673,2366394,2416220,2472119,2526620,2582373,2642575,2708413,2784788,2864812,2946643,3027618,3106161,3177827,3248393,3317212,3384732,3451407,3523083,3595159,3673664
Lebanon,LBN,"Labor force, total",SL.TLF.TOTL.IN,,,,,,,,,,,,,,,,,,,,,,,,,,,,,,,778711,800877,828580,856840,882810,906881,921698,942388,957247,986418,1026532,1072726,1135938,1207175,1270451,1328018,1370840,1402776,1417981,1449716,1509947,1609261,1730622,1861404,1982729,2083467,2158883,2207731,2230294
Liberia,LBR,"Labor force, total",SL.TLF.TOTL.IN,,,,,,,,,,,,,,,,,,,,,,,,,,,,,,,642566,634155,631101,632528,642122,662019,700109,743568,801561,858185,904571,937422,959990,988127,1009170,1036877,1073227,1116992,1165771,1215163,1261725,1302142,1339625,1375444,1414890,1456828,1500872,1545265,1592558
Libya,LBY,"Labor force, total",SL.TLF.TOTL.IN,,,,,,,,,,,,,,,,,,,,,,,,,,,,,,,1188378,1228157,1279361,1334747,1388792,1449027,1498061,1547565,1597396,1649385,1703417,1761978,1823771,1880137,1941826,1997901,2049447,2099298,2147725,2192111,2223440,2307500,2255580,2288563,2330421,2343426,2378293,2397263,2445052
St. Lucia,LCA,"Labor force, total",SL.TLF.TOTL.IN,,,,,,,,,,,,,,,,,,,,,,,,,,,,,,,54742,56135,57320,58403,59475,60575,61808,63175,64640,66173,67741,69344,71276,73455,75824,78094,80536,82706,84771,86422,87854,89668,91218,92701,94073,95495,96619,97828,99276
Latin America & Caribbean,LCN,"Labor force, total",SL.TLF.TOTL.IN,,,,,,,,,,,,,,,,,,,,,,,,,,,,,,,172190967,177274491,182864342,188518555,193809079,199154372,202665105,209602299,214988077,219890693,224406925,229435833,235112196,239891244,247089649,252562964,258221445,262696151,267781195,273940329,277178744,280680503,287962319,291837731,295495791,300578611,304778677,309800080,314129299
Least developed countries: UN classification,LDC,"Labor force, total",SL.TLF.TOTL.IN,,,,,,,,,,,,,,,,,,,,,,,,,,,,,,,197558186,203239407,209201368,215520643,222081895,229050218,235453100,242096583,249086144,256324460,263567431,271114113,278676627,286450740,294351420,302492764,309702914,316902606,324319720,332058160,340165182,348509280,357237311,366779200,376569774,387215927,397750569,411261133,422955712
Low income,LIC,"Labor force, total",SL.TLF.TOTL.IN,,,,,,,,,,,,,,,,,,,,,,,,,,,,,,,143766947,147783344,152037504,156518163,161157311,166090543,170473889,175035123,179772378,184829090,190119807,195386414,201023810,206931164,212996761,219154309,224829864,230507311,236516750,242566069,249007282,255326133,261908157,269117629,276523760,284748459,293462217,302445621,311665429
Liechtenstein,LIE,"Labor force, total",SL.TLF.TOTL.IN,,,,,,,,,,,,,,,,,,,,,,,,,,,,,,,,,,,,,,,,,,,,,,,,,,,,,,,,,,,
Sri Lanka,LKA,"Labor force, total",SL.TLF.TOTL.IN,,,,,,,,,,,,,,,,,,,,,,,,,,,,,,,7355728,7198777,7019888,7159147,7299364,7155180,7278672,7401484,7978309,7864117,7830731,7907981,7984113,8056471,8123334,8183016,8231291,8273940,8310608,8341363,8242391,8250892,8172455,8498965,8452073,8464856,8520776,8586360,8622008
Lower middle income,LMC,"Labor force, total",SL.TLF.TOTL.IN,,,,,,,,,,,,,,,,,,,,,,,,,,,,,,,688496542,706083598,724300744,742312557,761883805,778722322,796242227,814625665,834642828,855172972,873810067,892565443,911037524,931984197,954115584,973951037,986390961,1003025464,1016079560,1029932070,1044556652,1057445456,1070521057,1091591415,1111481597,1130865482,1148826561,1170219024,1189646891
Low & middle income,LMY,"Labor force, total",SL.TLF.TOTL.IN,,,,,,,,,,,,,,,,,,,,,,,,,,,,,,,1827918863,1864246470,1903582328,1940961695,1981412673,2018788090,2057198143,2096628383,2135428196,2180148553,2220126575,2256279651,2295219796,2334698119,2378871208,2419527020,2448786903,2481936994,2510941908,2540762170,2566705797,2595802082,2627225140,2662351199,2695529625,2732240016,2765444802,2803664152,2834847758
Lesotho,LSO,"Labor force, total",SL.TLF.TOTL.IN,,,,,,,,,,,,,,,,,,,,,,,,,,,,,,,670265,687183,704820,722922,740565,757550,770299,781953,792886,803580,807781,811660,816296,821365,826360,831035,838305,844833,851224,858184,865986,874345,883647,893696,911207,929201,946301,964225,981052
Late-demographic dividend,LTE,"Labor force, total",SL.TLF.TOTL.IN,,,,,,,,,,,,,,,,,,,,,,,,,,,,,,,966074069,979210127,993152829,1007134947,1020258436,1034369490,1048702456,1062383546,1074601410,1091848721,1107180690,1117311536,1129340789,1141293295,1154124873,1166463478,1175140218,1184919264,1194532213,1203330839,1207622584,1215606752,1224300188,1229658486,1234396804,1239138206,1241402873,1245633436,1245496915
Lithuania,LTU,"Labor force, total",SL.TLF.TOTL.IN,,,,,,,,,,,,,,,,,,,,,,,,,,,,,,,1789609,1789696,1785784,1777186,1764870,1752357,1737750,1723395,1710315,1712659,1682388,1643903,1625856,1683859,1594102,1553565,1511805,1511341,1512342,1522388,1503823,1495317,1484614,1473485,1481380,1470282,1481002,1467457,1461213
Luxembourg,LUX,"Labor force, total",SL.TLF.TOTL.IN,,,,,,,,,,,,,,,,,,,,,,,,,,,,,,,160004,165593,170050,169988,171636,167621,171288,173829,176479,181745,188745,189068,194924,195020,201398,207421,213159,215947,220410,234323,237899,243428,255232,263259,273801,282750,281977,290119,292895
Latvia,LVA,"Labor force, total",SL.TLF.TOTL.IN,,,,,,,,,,,,,,,,,,,,,,,,,,,,,,,1286535,1274213,1252250,1227484,1204455,1186314,1175732,1171893,1147245,1121000,1090112,1090856,1115201,1096894,1098381,1093788,1119674,1136082,1150616,1106702,1062924,1036403,1041714,1021211,1007326,1011046,1008672,1006786,995660
"Macao SAR, China",MAC,"Labor force, total",SL.TLF.TOTL.IN,,,,,,,,,,,,,,,,,,,,,,,,,,,,,,,146842,151408,156977,160472,163972,172379,199386,202011,205500,210329,215719,225600,227555,231129,244048,258085,274944,295167,309395,320874,331811,342683,349955,359234,370924,376880,377917,382725,385555
St. Martin (French part),MAF,"Labor force, total",SL.TLF.TOTL.IN,,,,,,,,,,,,,,,,,,,,,,,,,,,,,,,,,,,,,,,,,,,,,,,,,,,,,,,,,,,
Morocco,MAR,"Labor force, total",SL.TLF.TOTL.IN,,,,,,,,,,,,,,,,,,,,,,,,,,,,,,,7568327,7745507,7990058,8219274,8356887,8650122,8771829,9036923,9225531,9469171,9693625,9884630,10023892,10309557,10539234,10692989,10812602,10983421,11132237,11341524,11544829,11751089,11795977,11897876,11888568,11868146,11832794,11793016,11955431
Monaco,MCO,"Labor force, total",SL.TLF.TOTL.IN,,,,,,,,,,,,,,,,,,,,,,,,,,,,,,,,,,,,,,,,,,,,,,,,,,,,,,,,,,,
Moldova,MDA,"Labor force, total",SL.TLF.TOTL.IN,,,,,,,,,,,,,,,,,,,,,,,,,,,,,,,1298110,1308685,1339256,1341697,1387076,1387690,1398283,1395014,1409952,1420856,1425918,1428580,1432289,1439390,1447656,1418031,1381753,1344637,1306083,1266211,1240940,1261840,1218042,1241097,1236959,1320953,1281146,1266500,1253660
Madagascar,MDG,"Labor force, total",SL.TLF.TOTL.IN,,,,,,,,,,,,,,,,,,,,,,,,,,,,,,,5459208,5624891,5800195,5985936,6181727,6385872,6585085,6795316,7015770,7245841,7485583,7719708,7972963,8232545,8503139,8782870,9135660,9495141,9863538,10244359,10638131,10958015,11286251,11611773,11931280,12238232,12630496,13030861,13465271
Maldives,MDV,"Labor force, total",SL.TLF.TOTL.IN,,,,,,,,,,,,,,,,,,,,,,,,,,,,,,,57962,59905,61960,64163,66544,69157,72634,76343,80408,84990,90212,96158,102893,110342,118344,126722,134662,143094,151971,161226,170759,180289,190018,199675,208998,212929,214430,217656,222333
Middle East & North Africa,MEA,"Labor force, total",SL.TLF.TOTL.IN,,,,,,,,,,,,,,,,,,,,,,,,,,,,,,,70069642,72103207,73341340,75667321,78258052,80995598,82970702,85381986,87793965,91438729,94548640,97392406,100353637,104223066,108184180,112277678,115343647,119034590,121457851,125661342,129389436,132455563,135549438,138730976,140702815,143226866,146455154,149031403,151737676
Mexico,MEX,"Labor force, total",SL.TLF.TOTL.IN,,,,,,,,,,,,,,,,,,,,,,,,,,,,,,,30434386,31461036,32765261,34139184,35036472,35889163,36807231,38548717,39290368,39626128,40336388,40703848,41578562,41975188,43720881,44833048,46406150,47567256,48473199,49548945,50529153,51678003,53360768,54276924,54823461,56005088,56976011,57867363,58929596
Marshall Islands,MHL,"Labor force, total",SL.TLF.TOTL.IN,,,,,,,,,,,,,,,,,,,,,,,,,,,,,,,,,,,,,,,,,,,,,,,,,,,,,,,,,,,
Middle income,MIC,"Labor force, total",SL.TLF.TOTL.IN,,,,,,,,,,,,,,,,,,,,,,,,,,,,,,,1684151916,1716463126,1751544824,1784443532,1820255363,1852697547,1886724254,1921593260,1955655818,1995319464,2030006768,2060893238,2094195986,2127766955,2165874448,2200372711,2223957039,2251429684,2274425159,2298196101,2317698514,2340475949,2365316982,2393233570,2419005866,2447491557,2471982585,2501218531,2523182329
North Macedonia,MKD,"Labor force, total",SL.TLF.TOTL.IN,,,,,,,,,,,,,,,,,,,,,,,,,,,,,,,814082,815371,815131,814723,812973,813004,817468,818791,821853,825209,836650,847756,857670,870758,878602,886511,893460,907876,924511,936647,945638,948058,945930,959309,963926,959939,952011,957097,957215
Mali,MLI,"Labor force, total",SL.TLF.TOTL.IN,,,,,,,,,,,,,,,,,,,,,,,,,,,,,,,3155975,3215773,3293626,3380938,3475557,3575804,3665839,3764490,3869981,3983451,4106348,4225530,4357247,4495734,4645706,4802693,4951834,5112451,5280540,5453424,5629370,5784071,5946935,6116121,6292827,6463246,6668081,6885003,7117859
Malta,MLT,"Labor force, total",SL.TLF.TOTL.IN,,,,,,,,,,,,,,,,,,,,,,,,,,,,,,,135679,139111,140236,142554,144193,145176,147448,149410,151557,153400,156636,159649,160480,161290,158414,160699,163151,167277,169643,172245,176152,180374,184884,192021,199493,206432,212974,219626,219439
Myanmar,MMR,"Labor force, total",SL.TLF.TOTL.IN,,,,,,,,,,,,,,,,,,,,,,,,,,,,,,,18760006,19199873,19523256,19870852,20220239,20601321,21001429,21427651,21857725,22217245,22514046,22755973,22963607,23119147,23247994,23351402,23393496,23444272,23516635,23587818,23679000,23910884,24122386,24327925,24555531,24811628,24561876,24320375,24628441
Middle East & North Africa (excluding high income),MNA,"Labor force, total",SL.TLF.TOTL.IN,,,,,,,,,,,,,,,,,,,,,,,,,,,,,,,60088360,61736686,63470004,65415940,67660680,69306685,71063407,73203394,75292214,78513858,80994712,83331933,85737159,88875722,91959660,95005083,96847927,99112504,100038454,102711699,104786499,106455706,108128317,110056616,110885936,112237878,114633853,116331905,118254675
Montenegro,MNE,"Labor force, total",SL.TLF.TOTL.IN,,,,,,,,,,,,,,,,,,,,,,,,,,,,,,,239214,241239,242959,244319,245397,246001,245806,245460,244850,244685,244294,245170,246193,247298,247835,248285,248245,248177,248158,247874,247393,246231,248666,252030,255205,258281,259116,259226,258402
Mongolia,MNG,"Labor force, total",SL.TLF.TOTL.IN,,,,,,,,,,,,,,,,,,,,,,,,,,,,,,,738309,762268,787341,808059,824596,838088,859113,877589,896424,917211,941925,965781,990613,1015522,1038135,1063126,1086416,1107706,1129526,1151716,1169399,1207606,1212141,1237923,1262326,1279245,1268812,1295872,1309977
Northern Mariana Islands,MNP,"Labor force, total",SL.TLF.TOTL.IN,,,,,,,,,,,,,,,,,,,,,,,,,,,,,,,,,,,,,,,,,,,,,,,,,,,,,,,,,,,
Mozambique,MOZ,"Labor force, total",SL.TLF.TOTL.IN,,,,,,,,,,,,,,,,,,,,,,,,,,,,,,,5908236,6123727,6397267,6701226,7009676,7302221,7506274,7704417,7964971,8220332,8478524,8717350,8965100,9220268,9445853,9678050,9892527,10117206,10350552,10591354,10838622,11079387,11327367,11581645,11842455,12109111,12490092,12890651,13298994
Mauritania,MRT,"Labor force, total",SL.TLF.TOTL.IN,,,,,,,,,,,,,,,,,,,,,,,,,,,,,,,571185,587060,603572,620444,639713,658634,680513,705543,730956,756603,784312,802513,821328,840489,860189,880346,899442,919836,941220,963818,987411,1011784,1037588,1074173,1112040,1151976,1189700,1228317,1266081
Mauritius,MUS,"Labor force, total",SL.TLF.TOTL.IN,,,,,,,,,,,,,,,,,,,,,,,,,,,,,,,447400,456506,465176,472379,480877,487653,491566,498411,505490,513708,519737,525785,529506,532252,534564,544400,547108,545356,551767,557189,569253,566474,573825,588579,595931,603765,600938,602840,605498
Malawi,MWI,"Labor force, total",SL.TLF.TOTL.IN,,,,,,,,,,,,,,,,,,,,,,,,,,,,,,,3974765,4042567,4073778,4081820,4099428,4135345,4200923,4296628,4412905,4544431,4678794,4796865,4922368,5056809,5201289,5356531,5527878,5707218,5895299,6095214,6308721,6527585,6766967,7020984,7268205,7520571,7787597,8053504,8337810
Malaysia,MYS,"Labor force, total",SL.TLF.TOTL.IN,,,,,,,,,,,,,,,,,,,,,,,,,,,,,,,7077283,7289778,7502355,7711992,7929100,8152808,8394846,8654137,8975051,9253870,9528015,9790068,10053475,10330347,10613087,10908328,11155384,11396623,11575066,11924285,12220741,12791163,13351358,14024670,14439860,14832147,15126307,15415019,15722423
North America,NAC,"Labor force, total",SL.TLF.TOTL.IN,,,,,,,,,,,,,,,,,,,,,,,,,,,,,,,142655554,143516173,145654602,147142247,149755111,151757724,153816866,156521047,158533342,160806904,163007014,164235637,165517105,166550087,167842559,169855227,171901933,173568999,175663313,175913317,175927257,176165458,177635103,178425494,179285844,180430596,182545391,184414068,185134222
Namibia,NAM,"Labor force, total",SL.TLF.TOTL.IN,,,,,,,,,,,,,,,,,,,,,,,,,,,,,,,447036,465934,484642,504143,524114,536822,549356,563508,588916,613862,637491,652663,665512,676882,687960,699577,711856,724578,738338,753688,770964,794938,821137,884844,906725,924899,940697,968871,1000095
New Caledonia,NCL,"Labor force, total",SL.TLF.TOTL.IN,,,,,,,,,,,,,,,,,,,,,,,,,,,,,,,74735,77839,80983,84235,87489,90307,92381,94503,96485,98550,100526,102657,104736,106656,108444,110312,112194,114023,115930,117743,119639,122182,124930,127499,129937,132351,134380,136296,138335
Niger,NER,"Labor force, total",SL.TLF.TOTL.IN,,,,,,,,,,,,,,,,,,,,,,,,,,,,,,,3262890,3364153,3480945,3608230,3744765,3889765,4031122,4181266,4336745,4499203,4666895,4811231,4968347,5134908,5310789,5494105,5671808,5862510,6063722,6280530,6508887,6739780,6985133,7248490,7525667,7819001,8111460,8425165,8760638
Nigeria,NGA,"Labor force, total",SL.TLF.TOTL.IN,,,,,,,,,,,,,,,,,,,,,,,,,,,,,,,29305209,30059229,30844173,31654929,32511501,33414655,34238160,35122012,36049072,37033632,38016748,38951385,39939060,40915284,41748206,42853686,43908010,45036745,46230729,47480739,48780928,50069086,51416082,52824355,54264637,55820029,57398211,59039086,60724398
Nicaragua,NIC,"Labor force, total",SL.TLF.TOTL.IN,,,,,,,,,,,,,,,,,,,,,,,,,,,,,,,1356077,1398197,1432176,1466442,1503617,1542374,1605510,1669824,1735408,1800794,1874589,1930775,1986641,2042180,2097460,2152504,2211614,2280084,2348040,2415768,2483362,2551677,2620692,2689563,2756870,2816609,2878095,2936344,2991617
Netherlands,NLD,"Labor force, total",SL.TLF.TOTL.IN,,,,,,,,,,,,,,,,,,,,,,,,,,,,,,,6911900,7020794,7112229,7184149,7304957,7373854,7471364,7667665,7810630,7963539,8159146,8307265,8443016,8482131,8539576,8579461,8646261,8796080,8932866,9028961,8865394,8849862,8962768,8989480,8968813,9034853,9050275,9104588,9120786
Norway,NOR,"Labor force, total",SL.TLF.TOTL.IN,,,,,,,,,,,,,,,,,,,,,,,,,,,,,,,2147920,2135449,2142750,2144831,2170149,2214762,2267529,2328932,2374899,2380166,2404600,2415947,2438080,2408232,2422666,2431376,2465923,2523281,2598565,2598436,2607609,2626284,2671563,2698761,2723816,2762074,2768877,2759248,2784780
Nepal,NPL,"Labor force, total",SL.TLF.TOTL.IN,,,,,,,,,,,,,,,,,,,,,,,,,,,,,,,9263895,9521717,9812896,10127841,10453287,10779183,11040611,11295064,11544453,11794678,12011409,12231635,12445975,12652191,12846163,13027892,13237636,13426530,13604039,13843070,14106355,14471044,14869087,15283292,15686412,16062491,16451033,16813294,17162968
Nauru,NRU,"Labor force, total",SL.TLF.TOTL.IN,,,,,,,,,,,,,,,,,,,,,,,,,,,,,,,,,,,,,,,,,,,,,,,,,,,,,,,,,,,
New Zealand,NZL,"Labor force, total",SL.TLF.TOTL.IN,,,,,,,,,,,,,,,,,,,,,,,,,,,,,,,1621375,1702678,1709718,1728019,1773639,1816972,1868348,1888204,1894176,1909755,1928886,1966167,2027864,2065641,2121367,2178594,2229983,2265342,2286635,2302431,2324565,2353499,2362611,2393986,2464873,2513183,2608002,2694635,2716506
OECD members,OED,"Labor force, total",SL.TLF.TOTL.IN,,,,,,,,,,,,,,,,,,,,,,,,,,,,,,,502296312,508300879,512829805,515245762,521842929,526364997,531978878,538798464,543598642,548978597,553272011,556517254,561604974,565689285,570993207,578359906,584806252,591083518,598022042,601430668,604565518,607251161,612923130,617674148,622244111,627470307,634419673,640544071,642704292
Oman,OMN,"Labor force, total",SL.TLF.TOTL.IN,,,,,,,,,,,,,,,,,,,,,,,,,,,,,,,557920,604960,657277,712474,764480,806866,805313,796325,787561,784378,785399,800650,828176,865181,903154,946784,1009374,1083109,1170798,1276494,1402121,1550936,1723252,1910124,2101258,2288358,2429552,2575182,2711530
Other small states,OSS,"Labor force, total",SL.TLF.TOTL.IN,,,,,,,,,,,,,,,,,,,,,,,,,,,,,,,6554127,6700032,6830895,6957112,7094790,7229150,7342464,7479694,7629681,7790911,7968489,8166690,8353698,8610969,8864258,9158132,9535475,9922825,10345420,10762228,11139690,11509997,11892720,12331720,12682685,13052510,13354518,13686882,13996788
Pakistan,PAK,"Labor force, total",SL.TLF.TOTL.IN,,,,,,,,,,,,,,,,,,,,,,,,,,,,,,,31109475,31842626,32679313,33244083,34423557,34623303,36057146,37577502,38654373,40043321,41617691,42713694,43991382,45816194,47704747,48759702,49764966,51109022,52425468,54279578,56125279,57508050,59382954,61332459,62718008,65422753,66877206,68328574,69946123
Panama,PAN,"Labor force, total",SL.TLF.TOTL.IN,,,,,,,,,,,,,,,,,,,,,,,,,,,,,,,928440,959725,1003915,1049051,1084326,1133008,1163999,1194665,1227125,1259507,1297325,1334459,1372772,1411974,1455676,1495386,1508611,1554769,1626676,1635205,1639740,1642042,1727530,1788673,1814257,1858051,1908497,1977714,2014910
Peru,PER,"Labor force, total",SL.TLF.TOTL.IN,,,,,,,,,,,,,,,,,,,,,,,,,,,,,,,7853485,8075913,8467136,8867216,9269529,9784328,10284276,10789427,11145342,11557191,11502890,12289391,12874112,13258435,13853100,13705896,14538499,15255493,15572305,15958608,16407919,16605297,16877968,17052108,17169546,17209589,17353931,17990645,18329587
Philippines,PHL,"Labor force, total",SL.TLF.TOTL.IN,,,,,,,,,,,,,,,,,,,,,,,,,,,,,,,22762729,23502726,24262607,24982539,25648784,26363625,27020858,27714653,28534115,29249731,29986416,30700189,31379977,31876244,32706234,33596163,34532102,35406141,36329444,37556772,38542165,39843286,40424167,41129890,42444458,43087893,43724929,42798528,43675290
Palau,PLW,"Labor force, total",SL.TLF.TOTL.IN,,,,,,,,,,,,,,,,,,,,,,,,,,,,,,,,,,,,,,,,,,,,,,,,,,,,,,,,,,,
Papua New Guinea,PNG,"Labor force, total",SL.TLF.TOTL.IN,,,,,,,,,,,,,,,,,,,,,,,,,,,,,,,1822450,1864439,1898584,1924427,1976018,2051663,2100860,2180811,2263275,2333346,2416828,2413001,2405052,2391813,2372133,2345616,2312405,2271953,2225168,2173106,2116402,2175254,2227969,2284452,2320800,2364819,2425556,2486796,2539448
Poland,POL,"Labor force, total",SL.TLF.TOTL.IN,,,,,,,,,,,,,,,,,,,,,,,,,,,,,,,17624671,17741347,17825594,17784230,17597754,17390760,17329887,17195090,17230780,17165967,17319035,17575135,17379321,17300171,17265330,17529421,17324724,17328876,17565954,17834006,18035960,18103946,18229935,18268083,18389391,18326756,18393553,18479700,18344588
Pre-demographic dividend,PRE,"Labor force, total",SL.TLF.TOTL.IN,,,,,,,,,,,,,,,,,,,,,,,,,,,,,,,151664088,156144173,161001697,166166744,171476996,176864766,181710532,186611844,191761547,197189798,202740830,208198233,214115576,220301491,226529278,233108996,239405081,245764846,252206003,258909220,265928359,273197571,280891686,289399391,298225341,307754613,317564210,327918859,338417651
Puerto Rico,PRI,"Labor force, total",SL.TLF.TOTL.IN,,,,,,,,,,,,,,,,,,,,,,,,,,,,,,,1151287,1189044,1200590,1256952,1261621,1266526,1311794,1356338,1370882,1380468,1352059,1368941,1384066,1390958,1391876,1407155,1414568,1391005,1360237,1340266,1321138,1294065,1267409,1242135,1210932,1178300,1159638,1128717,1127144
"Korea, Dem. People’s Rep.",PRK,"Labor force, total",SL.TLF.TOTL.IN,,,,,,,,,,,,,,,,,,,,,,,,,,,,,,,12230075,12515206,12743853,12930792,13102101,13276199,13414107,13561341,13707384,13858103,13994416,14138334,14272945,14405590,14541134,14682190,14809485,14943316,15088748,15239179,15377704,15523475,15670609,15801773,15933621,16068980,16188292,16309781,16431446
Portugal,PRT,"Labor force, total",SL.TLF.TOTL.IN,,,,,,,,,,,,,,,,,,,,,,,,,,,,,,,4759708,4888175,4750922,4768132,4812457,4819428,4881470,4976863,5125720,5181945,5250370,5356096,5442555,5467241,5450512,5504392,5530608,5552372,5546580,5492076,5489488,5431098,5388501,5297389,5241794,5218327,5207356,5254525,5213680
Paraguay,PRY,"Labor force, total",SL.TLF.TOTL.IN,,,,,,,,,,,,,,,,,,,,,,,,,,,,,,,1709657,1758907,1806393,1861015,1919192,1975754,2033110,2091998,2152645,2215343,2280142,2343992,2410968,2440400,2630515,2657899,2634611,2738787,2796705,2907700,2882860,2953985,3153711,3175719,3163295,3227188,3323212,3390528,3453079
West Bank and Gaza,PSE,"Labor force, total",SL.TLF.TOTL.IN,,,,,,,,,,,,,,,,,,,,,,,,,,,,,,,410285,428923,448695,469705,490757,512383,540533,571460,593499,617016,642325,613013,622409,679400,703470,733722,771301,809757,832742,871145,893825,971237,1024138,1064239,1161576,1203007,1243907,1277194,1325426
Pacific island small states,PSS,"Labor force, total",SL.TLF.TOTL.IN,,,,,,,,,,,,,,,,,,,,,,,,,,,,,,,513328,525430,536183,549050,561317,573270,583383,593110,602292,611506,621627,636828,650855,662894,675394,688192,704803,722151,740256,761139,780494,796528,801674,807223,812165,821094,830971,843579,856711
Post-demographic dividend,PST,"Labor force, total",SL.TLF.TOTL.IN,,,,,,,,,,,,,,,,,,,,,,,,,,,,,,,467506057,471784319,474687873,476606578,481041339,484416325,488417681,493037935,495896336,499853224,504163021,505968907,509796509,513257376,516633381,521888758,526855411,531504477,536379549,537652278,538316607,538461634,541587893,544451052,546804442,549677699,554012499,557676109,557852346
French Polynesia,PYF,"Labor force, total",SL.TLF.TOTL.IN,,,,,,,,,,,,,,,,,,,,,,,,,,,,,,,75614,77288,79095,81022,82883,84711,87181,89310,91296,93265,95275,97080,99023,100897,102686,104383,106096,107692,109574,111182,112537,113905,114999,115692,116329,117046,117933,118942,119935
Qatar,QAT,"Labor force, total",SL.TLF.TOTL.IN,,,,,,,,,,,,,,,,,,,,,,,,,,,,,,,275991,283274,287128,291390,295249,299710,304036,307611,315600,326550,339063,358976,381621,414993,465159,543875,663730,817830,990385,1168076,1340552,1456861,1570075,1677310,1778482,1872412,1929220,1975498,2016230
Romania,ROU,"Labor force, total",SL.TLF.TOTL.IN,,,,,,,,,,,,,,,,,,,,,,,,,,,,,,,12105635,12096795,12123283,12203965,12263925,12278095,11914154,11965822,11804149,11813935,11748974,11389301,10255172,9951410,9889635,9587263,9735554,9560113,9342788,9225090,9372962,9187221,9231519,9181120,9201839,9104015,8939184,9102703,8988440
Russian Federation,RUS,"Labor force, total",SL.TLF.TOTL.IN,,,,,,,,,,,,,,,,,,,,,,,,,,,,,,,75995507,75885741,75927054,74076758,72101197,71809703,71058246,69749619,69028276,73092377,73461827,72143551,73087254,72962056,73668404,74221397,74501961,75523314,76066468,76118376,75969251,76121763,75909195,75519863,75327362,75135866,75036834,74308529,73592247
Rwanda,RWA,"Labor force, total",SL.TLF.TOTL.IN,,,,,,,,,,,,,,,,,,,,,,,,,,,,,,,3274450,3217580,3108192,2993443,2934042,2947795,3047768,3229269,3446227,3653698,3830051,3983325,4110003,4221690,4327963,4436327,4557218,4677935,4799345,4925914,5059438,5191103,5331968,5479845,5630770,5792586,5962292,6133785,6314637
South Asia,SAS,"Labor force, total",SL.TLF.TOTL.IN,,,,,,,,,,,,,,,,,,,,,,,,,,,,,,,403448757,412897462,422923264,433510815,445298767,454911036,465588608,476616557,487919115,499102769,510743805,524138020,538146598,553013612,568118963,582482372,587076245,591913794,596636570,601966144,607236888,611206369,615886062,629143224,641330680,654586973,666303692,680240920,691098918
Saudi Arabia,SAU,"Labor force, total",SL.TLF.TOTL.IN,,,,,,,,,,,,,,,,,,,,,,,,,,,,,,,5071747,5195920,5348571,5452036,5543352,5628231,5711103,5807711,5920648,6070111,6403507,6615765,6890897,7235752,7602735,7978167,8313231,8647413,8966123,9289847,9834264,10487696,11202506,11845700,12391396,12991603,13418384,13866767,14255369
Sudan,SDN,"Labor force, total",SL.TLF.TOTL.IN,,,,,,,,,,,,,,,,,,,,,,,,,,,,,,,5477865,5739617,6022622,6318908,6618530,6914125,7152249,7296734,7436229,7577663,7727065,7889094,8060510,8236461,8411356,8581308,8718037,8847484,8975195,9108260,9313157,9545595,9792670,10071967,10370036,10677984,10992708,11325052,11650966
Senegal,SEN,"Labor force, total",SL.TLF.TOTL.IN,,,,,,,,,,,,,,,,,,,,,,,,,,,,,,,2103181,2169118,2238553,2310069,2383940,2456123,2519681,2583840,2648615,2716530,2790798,2868693,2954843,3042018,3133827,3229291,3326430,3387359,3449538,3513610,3579522,3648267,3720020,3793889,3868154,3942085,4068402,4199144,4333127
Singapore,SGP,"Labor force, total",SL.TLF.TOTL.IN,,,,,,,,,,,,,,,,,,,,,,,,,,,,,,,1509017,1564082,1615948,1662511,1722932,1783003,1852887,1920305,1982058,2003739,2046758,2117782,2121297,2101508,2137291,2214085,2314109,2444598,2629314,2721747,2806384,2886652,2995053,3055059,3139951,3222396,3260010,3267007,3310065
Solomon Islands,SLB,"Labor force, total",SL.TLF.TOTL.IN,,,,,,,,,,,,,,,,,,,,,,,,,,,,,,,121350,125357,129103,133901,138337,142931,148134,153879,159380,165265,173087,179768,185756,190599,195646,200687,205511,210220,214906,221285,226120,230084,235530,241497,247869,254012,260546,267139,273508
Sierra Leone,SLE,"Labor force, total",SL.TLF.TOTL.IN,,,,,,,,,,,,,,,,,,,,,,,,,,,,,,,1537782,1540601,1540656,1530401,1522984,1523213,1523192,1533203,1551577,1583937,1627985,1691936,1764958,1851855,1985777,2046352,2088933,2123330,2153046,2182588,2214611,2242523,2273072,2305378,2338196,2416022,2480371,2547482,2611858
El Salvador,SLV,"Labor force, total",SL.TLF.TOTL.IN,,,,,,,,,,,,,,,,,,,,,,,,,,,,,,,1918278,1965730,2015437,2087440,2154763,2166284,2148058,2169694,2263594,2280328,2285666,2291428,2295869,2377039,2352072,2396399,2449469,2503009,2531216,2559701,2525522,2554432,2622018,2677662,2660409,2660167,2724538,2817692,2851567
San Marino,SMR,"Labor force, total",SL.TLF.TOTL.IN,,,,,,,,,,,,,,,,,,,,,,,,,,,,,,,,,,,,,,,,,,,,,,,,,,,,,,,,,,,
Somalia,SOM,"Labor force, total",SL.TLF.TOTL.IN,,,,,,,,,,,,,,,,,,,,,,,,,,,,,,,2046504,2044695,2041234,2041369,2048302,2062827,2085625,2121811,2166254,2215986,2268773,2307621,2355373,2410228,2468323,2530092,2594095,2660234,2730905,2811191,2902418,2985785,3083278,3191754,3306278,3424298,3539048,3658473,3779857
Serbia,SRB,"Labor force, total",SL.TLF.TOTL.IN,,,,,,,,,,,,,,,,,,,,,,,,,,,,,,,3322451,3345006,3380525,3410972,3431757,3382098,3388327,3376450,3366098,3380690,3357722,3347448,3338202,3329977,3316893,3306320,3294027,3291843,3242195,3145957,3067906,3049848,3065404,3104490,3111705,3075166,3172272,3195246,3171608
Sub-Saharan Africa (excluding high income),SSA,"Labor force, total",SL.TLF.TOTL.IN,,,,,,,,,,,,,,,,,,,,,,,,,,,,,,,192531989,198063536,203951975,210115159,216536756,223300567,229528216,235983958,242716384,249714175,256940654,263744345,270941464,277897958,284940427,293444766,301496360,309132599,317504362,325224818,333285378,342179987,351634381,362037929,372518422,384196224,395905555,408448148,421040435
South Sudan,SSD,"Labor force, total",SL.TLF.TOTL.IN,,,,,,,,,,,,,,,,,,,,,,,,,,,,,,,2383315,2350861,2306065,2263318,2239850,2245845,2296078,2384636,2498291,2620809,2741704,2849257,2956998,3069559,3193323,3332230,3484188,3650265,3826017,4005886,4186147,4353837,4520649,4687288,4854819,5024408,5188627,5353664,5523789
Sub-Saharan Africa,SSF,"Labor force, total",SL.TLF.TOTL.IN,,,,,,,,,,,,,,,,,,,,,,,,,,,,,,,192531989,198063536,203951975,210115159,216536756,223300567,229528216,235983958,242716384,249714175,256940654,263744345,270941464,277897958,284940427,293444766,301496360,309132599,317504362,325224818,333285378,342179987,351634381,362037929,372518422,384196224,395905555,408448148,421040435
Small states,SST,"Labor force, total",SL.TLF.TOTL.IN,,,,,,,,,,,,,,,,,,,,,,,,,,,,,,,9450403,9651623,9838687,10019928,10216084,10393911,10546703,10717909,10898343,11098084,11313083,11559001,11792852,12106671,12423798,12778391,13213579,13656387,14135722,14604514,15028189,15445652,15879597,16384050,16781849,17191132,17553718,17931017,18278315
Sao Tome and Principe,STP,"Labor force, total",SL.TLF.TOTL.IN,,,,,,,,,,,,,,,,,,,,,,,,,,,,,,,33054,33755,34639,35623,36580,37502,38571,39609,40663,41806,43047,44214,45506,46847,48224,49604,51060,52619,54175,55773,57327,59048,60730,62395,64089,65876,67712,69619,71385
Suriname,SUR,"Labor force, total",SL.TLF.TOTL.IN,,,,,,,,,,,,,,,,,,,,,,,,,,,,,,,132755,136196,139073,141161,143799,146333,149105,152193,155114,158013,161136,163917,166839,170010,173530,176741,180188,183836,187478,191043,194805,198440,201730,204980,207847,210271,211929,214131,216292
Slovak Republic,SVK,"Labor force, total",SL.TLF.TOTL.IN,,,,,,,,,,,,,,,,,,,,,,,,,,,,,,,2618501,2630371,2573246,2520108,2457066,2481113,2516117,2517345,2525215,2551618,2585035,2632890,2623701,2658442,2674159,2661942,2653655,2650243,2681953,2672322,2683419,2686077,2710471,2717721,2723151,2738577,2762411,2760915,2747167
Slovenia,SVN,"Labor force, total",SL.TLF.TOTL.IN,,,,,,,,,,,,,,,,,,,,,,,,,,,,,,,936435,937880,937853,937217,937745,939975,943456,959929,978890,964854,960897,969374,983269,962629,1009922,1018360,1024970,1039477,1035464,1042760,1042963,1022069,1016608,1011967,1016279,1009656,996942,1027298,1016601
Sweden,SWE,"Labor force, total",SL.TLF.TOTL.IN,,,,,,,,,,,,,,,,,,,,,,,,,,,,,,,4743268,4726207,4634766,4533403,4510507,4563210,4556818,4529644,4517995,4544043,4513479,4560921,4578453,4604438,4616939,4688555,4750128,4824750,4892083,4908054,4944327,4999766,5035410,5099944,5143382,5185238,5248306,5331688,5362132
Eswatini,SWZ,"Labor force, total",SL.TLF.TOTL.IN,,,,,,,,,,,,,,,,,,,,,,,,,,,,,,,218629,225382,231596,237592,243754,250250,257441,265180,273222,281148,288757,294463,299230,303708,308553,314196,321974,331176,341691,352900,364388,376351,388751,401393,414359,427336,440125,452698,464227
Sint Maarten (Dutch part),SXM,"Labor force, total",SL.TLF.TOTL.IN,,,,,,,,,,,,,,,,,,,,,,,,,,,,,,,,,,,,,,,,,,,,,,,,,,,,,,,,,,,
Seychelles,SYC,"Labor force, total",SL.TLF.TOTL.IN,,,,,,,,,,,,,,,,,,,,,,,,,,,,,,,,,,,,,,,,,,,,,,,,,,,,,,,,,,,
Syrian Arab Republic,SYR,"Labor force, total",SL.TLF.TOTL.IN,,,,,,,,,,,,,,,,,,,,,,,,,,,,,,,3588807,3695957,3795079,3932769,4087059,4245575,4340707,4431679,4521840,4697117,4864915,4965716,5058741,5137966,5158202,5196070,5309963,5428457,5668789,5636492,5757406,5664314,5478928,5252233,5026201,4826376,4794376,4811455,4834126
Turks and Caicos Islands,TCA,"Labor force, total",SL.TLF.TOTL.IN,,,,,,,,,,,,,,,,,,,,,,,,,,,,,,,,,,,,,,,,,,,,,,,,,,,,,,,,,,,
Chad,TCD,"Labor force, total",SL.TLF.TOTL.IN,,,,,,,,,,,,,,,,,,,,,,,,,,,,,,,2266979,2327334,2391618,2464002,2537463,2617671,2695439,2779677,2870937,2971072,3079002,3185278,3301491,3424031,3548286,3679228,3806353,3937597,4075216,4220518,4372223,4528697,4692594,4866049,5046129,5234203,5421231,5614069,5814370
East Asia & Pacific (IDA & IBRD countries),TEA,"Labor force, total",SL.TLF.TOTL.IN,,,,,,,,,,,,,,,,,,,,,,,,,,,,,,,833681768,847984172,863837597,879657942,895005936,909348147,927086380,942008008,956244927,970573517,984808798,994714239,1004040813,1014410501,1025620602,1033956174,1042534988,1054771926,1063217435,1070122826,1075742822,1085463339,1093279644,1097794165,1103219264,1107423800,1109884062,1114316548,1116291129
Europe & Central Asia (IDA & IBRD countries),TEC,"Labor force, total",SL.TLF.TOTL.IN,,,,,,,,,,,,,,,,,,,,,,,,,,,,,,,196330897,197037273,197738642,195321295,194919797,194649113,193504387,191771458,191216358,195444477,195629043,194661399,194811064,194572350,195638026,197137819,197922403,199811096,201775785,203391527,205318357,207121001,207956804,209293963,210150561,211545357,212589483,213616335,213200602
Togo,TGO,"Labor force, total",SL.TLF.TOTL.IN,,,,,,,,,,,,,,,,,,,,,,,,,,,,,,,1654699,1696027,1738672,1785556,1832127,1885278,1951391,2022753,2101561,2181725,2262819,2334990,2406977,2478343,2552127,2628737,2702796,2762375,2822177,2881260,2939122,2993609,3079028,3167556,3258327,3351930,3446705,3544016,3643098
Thailand,THA,"Labor force, total",SL.TLF.TOTL.IN,,,,,,,,,,,,,,,,,,,,,,,,,,,,,,,29898248,30422960,30891960,31319788,31750996,32387663,33168177,33867122,34209680,34410426,35149359,35864413,36321977,36750697,37286959,37784048,37952300,38542194,38935392,39188148,38936975,40057005,40099896,39220421,38974785,38888599,38617510,38696862,38765994
Tajikistan,TJK,"Labor force, total",SL.TLF.TOTL.IN,,,,,,,,,,,,,,,,,,,,,,,,,,,,,,,1247568,1269157,1290963,1312973,1335097,1357742,1384652,1411187,1439473,1472540,1511868,1559558,1614886,1676207,1741357,1803934,1869115,1931669,1993125,2058199,2123307,2180546,2240144,2299982,2358002,2413622,2466311,2517312,2569111
Turkmenistan,TKM,"Labor force, total",SL.TLF.TOTL.IN,,,,,,,,,,,,,,,,,,,,,,,,,,,,,,,1348285,1389627,1438864,1489105,1542583,1593223,1638024,1685781,1730533,1773781,1817924,1863413,1903768,1941738,1982629,2028596,2072685,2125763,2184057,2241347,2293707,2348392,2395723,2437853,2479768,2523686,2555910,2595395,2636948
Latin America & the Caribbean (IDA & IBRD countries),TLA,"Labor force, total",SL.TLF.TOTL.IN,,,,,,,,,,,,,,,,,,,,,,,,,,,,,,,166623832,171592044,177093122,182622630,187848652,193139040,196556707,203419768,208766550,213638634,218149699,223126904,228741949,233464810,240614215,245966035,251520808,255893932,260934489,266979896,270243881,273757466,281065044,284954692,288643913,293760424,297988983,303052974,307380459
Timor-Leste,TLS,"Labor force, total",SL.TLF.TOTL.IN,,,,,,,,,,,,,,,,,,,,,,,,,,,,,,,286427,294943,301744,306991,309900,310706,299823,286966,275311,263276,254175,255740,255687,257291,258024,256564,258015,256567,253767,251445,250360,252466,256687,262351,267906,273230,279087,286190,291623
Middle East & North Africa (IDA & IBRD countries),TMN,"Labor force, total",SL.TLF.TOTL.IN,,,,,,,,,,,,,,,,,,,,,,,,,,,,,,,59678075,61307763,63021309,64946235,67169922,68794302,70522874,72631934,74698715,77896842,80352388,82718920,85114751,88196323,91256190,94271361,96076626,98302747,99205712,101840554,103892674,105484469,107104179,108992377,109724360,111034871,113389946,115054711,116929249
Tonga,TON,"Labor force, total",SL.TLF.TOTL.IN,,,,,,,,,,,,,,,,,,,,,,,,,,,,,,,32066,32936,33608,34158,34751,34715,34750,34953,35186,35378,35509,36104,36570,36950,37309,37617,37964,38371,38620,38867,39074,39214,39400,39684,39899,40127,40665,41267,41852
South Asia (IDA & IBRD),TSA,"Labor force, total",SL.TLF.TOTL.IN,,,,,,,,,,,,,,,,,,,,,,,,,,,,,,,403448757,412897462,422923264,433510815,445298767,454911036,465588608,476616557,487919115,499102769,510743805,524138020,538146598,553013612,568118963,582482372,587076245,591913794,596636570,601966144,607236888,611206369,615886062,629143224,641330680,654586973,666303692,680240920,691098918
Sub-Saharan Africa (IDA & IBRD countries),TSS,"Labor force, total",SL.TLF.TOTL.IN,,,,,,,,,,,,,,,,,,,,,,,,,,,,,,,192531989,198063536,203951975,210115159,216536756,223300567,229528216,235983958,242716384,249714175,256940654,263744345,270941464,277897958,284940427,293444766,301496360,309132599,317504362,325224818,333285378,342179987,351634381,362037929,372518422,384196224,395905555,408448148,421040435
Trinidad and Tobago,TTO,"Labor force, total",SL.TLF.TOTL.IN,,,,,,,,,,,,,,,,,,,,,,,,,,,,,,,464018,474448,483751,492285,508283,522886,538689,549270,560098,568767,577343,586998,597190,617244,636791,655413,661159,664362,668502,664763,655877,651043,661846,666124,672189,667555,663954,661494,660786
Tunisia,TUN,"Labor force, total",SL.TLF.TOTL.IN,,,,,,,,,,,,,,,,,,,,,,,,,,,,,,,2528353,2605204,2674108,2764434,2850524,2933394,3010851,3085475,3132214,3176749,3220100,3257543,3293465,3328352,3362717,3396706,3490712,3559646,3635125,3723874,3806039,3876745,3977013,3981030,4007660,4039565,4061704,4085723,4114586
Turkey,TUR,"Labor force, total",SL.TLF.TOTL.IN,,,,,,,,,,,,,,,,,,,,,,,,,,,,,,,19672873,20041366,20178500,19234752,20657028,20944060,21251615,21215753,21764596,22202994,21414855,21767992,22072309,21908631,21873805,22316261,22241217,22631467,23368512,24213310,25218278,26275654,26756052,27796575,28631602,29710011,30750137,31870852,32454053
Tuvalu,TUV,"Labor force, total",SL.TLF.TOTL.IN,,,,,,,,,,,,,,,,,,,,,,,,,,,,,,,,,,,,,,,,,,,,,,,,,,,,,,,,,,,
Tanzania,TZA,"Labor force, total",SL.TLF.TOTL.IN,,,,,,,,,,,,,,,,,,,,,,,,,,,,,,,11995148,12395369,12830364,13287143,13751110,14213043,14616953,15023937,15439342,15868847,16317263,16771450,17302767,17847452,18417363,19020624,19636505,20154342,20698080,21246439,21788051,22311257,22824749,23332591,23845483,24627263,25444099,26307346,27190295
Uganda,UGA,"Labor force, total",SL.TLF.TOTL.IN,,,,,,,,,,,,,,,,,,,,,,,,,,,,,,,6327416,6509305,6701048,6900864,7110098,7330104,7525973,7736980,7964690,8210198,8474559,8754685,9055603,9377010,9719420,10083345,10456546,10855276,11278085,11722812,12188774,12668625,13172930,13681063,14209309,14759486,15318205,15900318,16532793
Ukraine,UKR,"Labor force, total",SL.TLF.TOTL.IN,,,,,,,,,,,,,,,,,,,,,,,,,,,,,,,24577696,24584763,24638637,24681321,24710571,24675490,24308904,23886937,23453166,22982490,23221424,22740934,22575844,22444741,22288580,22162593,22034260,21909958,21796958,21733898,21666129,21630330,21416873,21578461,20943459,20935451,20734106,20538844,20274582
Upper middle income,UMC,"Labor force, total",SL.TLF.TOTL.IN,,,,,,,,,,,,,,,,,,,,,,,,,,,,,,,995655373,1010379527,1027244080,1042130975,1058371558,1073975224,1090482026,1106967595,1121012990,1140146492,1156196702,1168327795,1183158461,1195782758,1211758864,1226421674,1237566078,1248404220,1258345599,1268264031,1273141862,1283030494,1294795925,1301642156,1307524269,1316626075,1323156024,1330999507,1333535438
Uruguay,URY,"Labor force, total",SL.TLF.TOTL.IN,,,,,,,,,,,,,,,,,,,,,,,,,,,,,,,1381333,1398895,1434859,1433366,1473346,1504412,1517531,1531036,1543869,1556912,1567457,1598505,1582914,1565203,1571981,1584137,1621851,1663953,1689591,1708555,1712454,1733195,1731287,1728421,1752311,1751444,1754184,1751881,1765243
United States,USA,"Labor force, total",SL.TLF.TOTL.IN,,,,,,,,,,,,,,,,,,,,,,,,,,,,,,,127939293,128707561,130864728,132265757,134767455,136705325,138622124,141075569,142834606,144820396,146772016,147743461,148572653,149188413,150258666,152120459,153989897,155294548,157089439,157204266,157013742,157106313,158371469,158920776,159684414,160697721,162618901,164236550,164867943
Uzbekistan,UZB,"Labor force, total",SL.TLF.TOTL.IN,,,,,,,,,,,,,,,,,,,,,,,,,,,,,,,7541889,7710819,7923476,8134027,8337676,8541611,8771077,9018921,9264600,9477402,9734677,10009431,10286556,10566213,10851271,11145139,11446436,11764987,12103779,12454058,12952794,13405065,13714678,14038576,14364639,14676622,14982000,15261696,15457895
St. Vincent and the Grenadines,VCT,"Labor force, total",SL.TLF.TOTL.IN,,,,,,,,,,,,,,,,,,,,,,,,,,,,,,,41532,42388,43217,43948,44578,45311,45955,46614,47254,47831,48359,49110,49937,50768,51536,52236,52956,53472,54073,54523,54947,55280,55646,56015,56314,56539,56936,57252,57928
"Venezuela, RB",VEN,"Labor force, total",SL.TLF.TOTL.IN,,,,,,,,,,,,,,,,,,,,,,,,,,,,,,,7815368,8076569,8333797,8569098,8790816,9055532,9306258,9601556,9858145,10072960,10372787,10671921,10872213,11082308,11519506,11897283,12267838,12439465,12729999,13008004,13214722,13475410,13611647,13880886,14097370,14285309,14341200,14416484,14643191
British Virgin Islands,VGB,"Labor force, total",SL.TLF.TOTL.IN,,,,,,,,,,,,,,,,,,,,,,,,,,,,,,,,,,,,,,,,,,,,,,,,,,,,,,,,,,,
Virgin Islands (U.S.),VIR,"Labor force, total",SL.TLF.TOTL.IN,,,,,,,,,,,,,,,,,,,,,,,,,,,,,,,48634,49698,50362,50615,50806,51132,50859,51002,51448,51768,51954,52560,53058,53389,53619,53848,53890,53940,53954,53837,53690,53242,52743,52325,51923,51517,51288,51082,51077
Vietnam,VNM,"Labor force, total",SL.TLF.TOTL.IN,,,,,,,,,,,,,,,,,,,,,,,,,,,,,,,32961437,33830826,34669376,35518091,36372680,37242868,38081705,39005345,40007684,41018640,41961387,43041407,44003644,44894721,45794802,46744285,47592896,48497531,49456857,50389168,51444271,52364005,53240037,54556483,55355937,56019140,56297008,56966023,57499679
Vanuatu,VUT,"Labor force, total",SL.TLF.TOTL.IN,,,,,,,,,,,,,,,,,,,,,,,,,,,,,,,57976,59860,61878,64014,65722,67689,69309,70695,72090,73790,75391,77962,80960,83607,86305,88865,91669,94413,96924,99689,102740,105486,108618,111950,115205,118536,121781,124791,127650
World,WLD,"Labor force, total",SL.TLF.TOTL.IN,,,,,,,,,,,,,,,,,,,,,,,,,,,,,,,2322093051,2364005601,2406526701,2446810619,2492597965,2534964060,2578686322,2624164999,2667392382,2717525468,2762860379,2802405549,2846059624,2890564640,2939902153,2987844480,3023905600,3063644086,3099841222,3133142214,3162055516,3193554298,3230424380,3269955500,3307728281,3349088486,3388414755,3432003942,3464666029
Samoa,WSM,"Labor force, total",SL.TLF.TOTL.IN,,,,,,,,,,,,,,,,,,,,,,,,,,,,,,,32822,33571,34161,34407,34935,34777,34912,35329,35529,35613,35328,35426,35598,35698,35758,35819,36085,36059,36356,37055,37433,37350,37722,38302,38643,38895,38932,39195,39207
Kosovo,XKX,"Labor force, total",SL.TLF.TOTL.IN,,,,,,,,,,,,,,,,,,,,,,,,,,,,,,,,,,,,,,,,,,,,,,,,,,,,,,,,,,,
"Yemen, Rep.",YEM,"Labor force, total",SL.TLF.TOTL.IN,,,,,,,,,,,,,,,,,,,,,,,,,,,,,,,2561317,2722303,2894323,3088558,3273501,3483810,3644137,3806733,3973901,4151196,4226611,4316122,4406191,4500818,4604815,4719453,4832641,4957844,5092045,5229818,5368786,5450634,5538993,5632151,5729331,6012266,6289277,6541569,6728645
South Africa,ZAF,"Labor force, total",SL.TLF.TOTL.IN,,,,,,,,,,,,,,,,,,,,,,,,,,,,,,,12478996,12913066,13386394,13878674,14379094,14880448,15308450,15734414,16165420,16597381,17034300,17397037,17714338,17514621,17309753,18176726,18798086,18829866,19436038,19088757,18791009,19082080,19543078,20097212,20526772,21349102,21707067,22391189,22702855
Zambia,ZMB,"Labor force, total",SL.TLF.TOTL.IN,,,,,,,,,,,,,,,,,,,,,,,,,,,,,,,3396886,3482729,3572762,3666340,3768521,3875468,3983116,4099240,4222443,4349021,4478349,4590930,4707327,4827325,4952358,5083661,5181433,5285854,5397042,5515365,5641054,5788801,5943592,6157579,6381870,6616327,6853304,7099751,7353191
Zimbabwe,ZWE,"Labor force, total",SL.TLF.TOTL.IN,,,,,,,,,,,,,,,,,,,,,,,,,,,,,,,4464719,4593912,4721448,4843982,4966099,5094272,5202149,5315557,5359262,5386904,5551641,5698373,5837823,5973661,6111067,6200658,6309934,6424232,6544569,6671584,6805638,6962616,7128953,7306314,7491683,7684081,7888742,8106431,8341968
